Date,Open,High,Low,Close,Volume
2010-09-24,38.6,39.0,37.7,37.9,35600
2010-09-27,38.0,40.0,38.0,39.1,64400
2010-09-28,39.3,39.6,38.0,38.8,29400
2010-09-29,39.3,47.3,39.0,46.2,159400
2010-09-30,47.1,50.8,47.1,49.5,138300
2010-10-01,50.9,50.9,47.5,47.8,68700
2010-10-04,47.4,47.4,44.5,45.4,77500
2010-10-05,46.0,47.2,45.0,47.2,62100
2010-10-06,47.7,49.8,47.4,49.7,78200
2010-10-07,49.9,52.3,49.2,49.7,89400
2010-10-08,49.7,50.9,48.4,50.5,53900
2010-10-11,50.5,50.6,49.3,49.6,30500
2010-10-12,49.3,50.9,47.4,50.8,40000
2010-10-13,51.5,52.6,50.9,51.7,49300
2010-10-14,52.0,52.1,50.8,51.8,45300
2010-10-15,52.2,52.5,48.5,49.7,48400
2010-10-18,49.4,50.7,49.2,50.2,18600
2010-10-19,49.2,49.7,47.8,49.1,40100
2010-10-20,49.3,49.5,47.5,47.6,36000
2010-10-21,47.7,48.7,47.0,47.7,26300
2010-10-22,48.1,49.6,47.7,49.6,39500
2010-10-25,49.6,51.4,49.6,50.6,25800
2010-10-26,50.4,52.4,49.6,52.3,48800
2010-10-27,52.1,52.5,49.3,51.0,35600
2010-10-28,51.4,51.7,48.3,48.4,36100
2010-10-29,48.3,49.9,48.1,49.3,26600
2010-11-01,49.3,50.2,47.3,47.6,30600
2010-11-02,48.5,50.0,47.8,49.4,25800
2010-11-03,49.8,50.2,48.6,49.7,17800
2010-11-04,50.4,51.6,50.4,51.3,39700
2010-11-05,51.2,58.6,51.2,57.4,114600
2010-11-08,57.5,59.3,54.0,56.6,64100
2010-11-09,57.0,58.2,56.0,56.4,38300
2010-11-10,56.5,58.2,54.6,58.2,43700
2010-11-11,57.5,58.2,56.5,57.1,23000
2010-11-12,56.9,57.4,55.6,56.0,25000
2010-11-15,56.1,57.8,55.8,57.0,35600
2010-11-16,56.7,57.7,53.5,54.0,61900
2010-11-17,53.0,53.9,52.0,52.7,32800
2010-11-18,53.5,56.2,53.0,55.8,29500
2010-11-19,56.0,56.0,53.9,54.9,21100
2010-11-22,55.3,56.2,54.3,55.4,25700
2010-11-23,54.6,54.6,53.4,54.1,24700
2010-11-24,54.6,55.8,54.0,55.3,30000
2010-11-26,55.0,57.9,54.5,56.6,41600
2010-11-29,56.4,62.3,56.0,61.7,129300
2010-11-30,61.1,61.7,58.3,59.2,66500
2010-12-01,61.0,61.0,58.1,58.4,54000
2010-12-02,57.9,59.5,57.9,58.9,18000
2010-12-03,59.0,59.7,57.0,59.6,35600
2010-12-06,59.8,61.9,59.0,60.8,38600
2010-12-07,61.5,63.9,60.4,60.6,50600
2010-12-08,60.6,61.9,59.5,60.5,19700
2010-12-09,60.9,61.5,59.7,60.9,22500
2010-12-10,60.6,61.3,59.7,61.2,17000
2010-12-13,61.7,62.2,60.7,60.7,30900
2010-12-14,60.7,60.9,60.0,60.1,21200
2010-12-15,59.8,61.0,58.7,59.6,25600
2010-12-16,59.5,59.9,57.3,57.9,30400
2010-12-17,58.0,58.4,55.2,56.0,49000
2010-12-20,56.0,58.0,56.0,56.6,24900
2010-12-21,57.2,60.5,57.2,60.5,35300
2010-12-22,60.8,61.5,56.7,58.3,33700
2010-12-23,58.3,59.5,58.0,59.1,13000
2010-12-27,58.7,59.6,57.7,59.3,12800
2010-12-28,59.6,59.9,59.0,59.4,10800
2010-12-29,59.7,59.8,59.3,59.3,13600
2010-12-30,59.2,59.9,59.2,59.3,14800
2010-12-31,59.2,59.4,58.7,59.2,17600
2011-01-03,59.8,61.0,59.8,60.3,28100
2011-01-04,60.7,61.2,58.5,59.3,23600
2011-01-05,59.0,60.9,58.1,60.4,29600
2011-01-06,60.4,60.8,58.5,59.9,33600
2011-01-07,60.2,61.4,58.5,60.9,37200
2011-01-10,60.9,61.4,59.9,60.6,30800
2011-01-11,60.9,65.0,60.7,64.4,66700
2011-01-12,64.7,69.6,64.5,66.5,91600
2011-01-13,66.7,69.9,65.6,69.7,58600
2011-01-14,69.9,76.5,69.9,76.0,93300
2011-01-18,76.4,77.4,70.1,72.0,106200
2011-01-19,72.2,75.5,69.5,70.0,67300
2011-01-20,69.4,71.5,67.5,69.6,37600
2011-01-21,70.2,72.0,70.0,70.4,33500
2011-01-24,71.1,75.0,71.0,73.2,60300
2011-01-25,73.0,74.6,70.3,72.7,33800
2011-01-26,73.0,75.0,71.5,74.9,44500
2011-01-27,75.1,78.4,74.9,78.0,56000
2011-01-28,78.5,79.2,75.2,77.0,51700
2011-01-31,78.3,87.5,77.4,87.1,131400
2011-02-01,87.4,93.6,87.3,92.3,141300
2011-02-02,91.8,92.0,87.9,89.4,87700
2011-02-03,89.8,92.8,89.6,91.3,55600
2011-02-04,91.7,93.6,90.1,91.9,70500
2011-02-07,89.9,91.5,80.0,81.0,213300
2011-02-08,78.1,84.0,75.6,83.3,215400
2011-02-09,83.5,85.0,81.6,83.0,71000
2011-02-10,82.0,83.8,80.2,80.7,133400
2011-02-11,77.2,78.1,76.1,77.5,481100
2011-02-14,77.8,78.5,77.5,77.7,121500
2011-02-15,77.8,78.0,76.8,77.2,104700
2011-02-16,77.4,80.3,77.0,78.0,108200
2011-02-17,77.5,81.1,76.2,80.5,87000
2011-02-18,80.9,83.0,79.0,79.8,67700
2011-02-22,80.0,81.2,75.8,76.5,116200
2011-02-23,76.7,79.3,75.8,78.0,108500
2011-02-24,78.0,84.5,78.0,83.2,168900
2011-02-25,84.4,85.0,81.4,84.4,130700
2011-02-28,85.6,86.5,83.3,83.8,152500
2011-03-01,84.8,86.0,82.0,82.6,87400
2011-03-02,82.1,82.9,78.3,79.9,90200
2011-03-03,81.0,81.5,79.3,80.1,85600
2011-03-04,80.5,80.5,77.6,78.8,67500
2011-03-07,78.8,79.4,73.3,75.4,114900
2011-03-08,75.2,77.3,72.4,76.8,77500
2011-03-09,76.1,76.6,73.3,73.8,67900
2011-03-10,72.1,72.1,68.6,71.2,99200
2011-03-11,69.6,71.3,68.7,70.6,74300
2011-03-14,70.0,72.3,69.5,71.5,57700
2011-03-15,62.8,67.1,62.6,66.3,155600
2011-03-16,65.3,68.7,65.2,67.0,74700
2011-03-17,71.5,76.2,69.8,75.9,132800
2011-03-18,77.3,77.9,75.0,75.5,79000
2011-03-21,75.2,77.4,74.5,75.5,58800
2011-03-22,75.5,78.1,75.0,77.6,50300
2011-03-23,77.2,77.4,74.5,75.1,54300
2011-03-24,75.7,75.9,72.6,75.2,40300
2011-03-25,75.6,76.8,73.7,75.0,63900
2011-03-28,75.2,76.0,73.5,74.9,69900
2011-03-29,74.4,76.8,73.5,76.0,54300
2011-03-30,76.6,78.9,74.5,76.4,58200
2011-03-31,76.4,77.9,75.8,77.7,55400
2011-04-01,78.0,78.5,76.1,77.1,51500
2011-04-04,77.2,78.4,76.3,78.1,40300
2011-04-05,77.8,80.4,77.7,78.4,59200
2011-04-06,78.8,79.8,74.1,74.4,70600
2011-04-07,74.6,75.8,72.9,73.5,41800
2011-04-08,74.0,75.5,72.8,74.3,38500
2011-04-11,74.6,74.6,68.0,69.4,72500
2011-04-12,68.1,68.4,65.6,67.0,63600
2011-04-13,67.9,69.7,66.5,66.6,54300
2011-04-14,65.9,66.6,64.3,66.4,32500
2011-04-15,66.2,68.0,66.0,67.0,40300
2011-04-18,65.6,65.7,63.1,64.5,60200
2011-04-19,64.5,65.7,63.3,64.6,32400
2011-04-20,65.8,66.0,64.5,65.6,67000
2011-04-21,65.8,66.8,64.0,65.3,53600
2011-04-25,65.0,67.3,65.0,67.0,48200
2011-04-26,67.4,68.6,67.0,67.9,44100
2011-04-27,68.1,68.1,64.7,66.9,54300
2011-04-28,66.5,67.2,64.5,66.5,53000
2011-04-29,67.1,69.5,65.8,68.5,55100
2011-05-02,69.5,69.7,66.8,67.2,47200
2011-05-03,67.0,67.5,63.4,65.4,69200
2011-05-04,65.1,65.4,62.2,62.5,57500
2011-05-05,61.8,63.0,60.0,61.3,57300
2011-05-06,62.0,62.5,59.3,60.0,57900
2011-05-09,60.6,62.8,60.1,61.8,59900
2011-05-10,66.7,77.0,66.5,75.6,338500
2011-05-11,75.5,76.5,70.3,71.0,131700
2011-05-12,70.2,71.1,68.3,70.0,75800
2011-05-13,70.2,70.9,66.7,67.1,45200
2011-05-16,67.1,70.7,66.7,68.2,88600
2011-05-17,67.5,68.5,65.2,65.7,60300
2011-05-18,65.7,69.0,65.6,68.2,47800
2011-05-19,68.7,69.1,66.6,67.4,29700
2011-05-20,66.9,68.7,65.8,68.3,41300
2011-05-23,66.7,67.9,66.4,66.4,31100
2011-05-24,67.6,68.8,65.2,66.3,34300
2011-05-25,65.9,68.0,64.6,67.6,46400
2011-05-26,67.3,70.9,66.6,70.7,40900
2011-05-27,71.0,72.8,70.5,71.3,39500
2011-05-31,72.0,72.3,69.1,71.3,37400
2011-06-01,71.4,71.4,65.8,66.1,60300
2011-06-02,66.4,69.0,65.4,68.2,44500
2011-06-03,66.9,68.2,65.9,66.3,31900
2011-06-06,66.1,66.9,62.6,62.7,53900
2011-06-07,62.9,64.9,62.9,63.6,67000
2011-06-08,63.3,65.3,62.9,64.6,67500
2011-06-09,65.0,67.3,64.4,66.0,43000
2011-06-10,65.2,66.6,63.7,65.0,63800
2011-06-13,65.3,65.7,61.2,62.3,69900
2011-06-14,63.2,64.3,62.1,62.9,32000
2011-06-15,61.8,63.6,61.3,62.5,62900
2011-06-16,62.4,63.0,60.4,62.4,63400
2011-06-17,63.0,65.8,61.3,62.1,69400
2011-06-20,62.0,63.9,61.1,62.8,40200
2011-06-21,63.8,65.0,63.5,64.9,42200
2011-06-22,64.6,66.7,64.0,65.1,41700
2011-06-23,63.8,65.2,62.3,65.2,46700
2011-06-24,65.3,65.5,63.4,64.5,60200
2011-06-27,63.8,64.4,62.4,63.4,18900
2011-06-28,63.9,66.8,63.6,66.8,38300
2011-06-29,66.9,69.6,66.7,69.0,44900
2011-06-30,69.3,71.0,68.6,70.2,36800
2011-07-01,69.9,70.9,68.6,70.5,28500
2011-07-05,70.6,71.5,69.4,70.7,26200
2011-07-06,70.3,71.7,69.8,70.6,27800
2011-07-07,71.8,73.0,71.1,72.4,38600
2011-07-08,70.8,72.1,70.1,71.5,18100
2011-07-11,70.0,71.3,67.3,67.7,27900
2011-07-12,66.9,71.0,66.9,68.6,37700
2011-07-13,69.0,72.1,69.0,69.6,59500
2011-07-14,69.8,71.5,67.0,67.4,49000
2011-07-15,67.8,70.9,67.4,70.4,55300
2011-07-18,70.2,70.4,68.0,68.8,37800
2011-07-19,69.9,73.7,69.2,72.8,60900
2011-07-20,73.0,75.5,72.4,75.2,79700
2011-07-21,75.8,77.3,75.0,76.6,53800
2011-07-22,76.7,77.2,75.5,76.4,24800
2011-07-25,75.0,75.5,73.5,73.8,32700
2011-07-26,73.8,74.5,72.1,73.3,28300
2011-07-27,73.0,73.1,70.2,70.7,41200
2011-07-28,70.6,71.9,69.9,70.5,46800
2011-07-29,69.5,71.0,68.5,69.7,35600
2011-08-01,71.5,72.0,68.5,70.3,57100
2011-08-02,70.3,71.8,67.6,67.6,41600
2011-08-03,67.9,68.7,63.5,67.9,54700
2011-08-04,64.8,65.4,60.5,60.5,73000
2011-08-05,61.3,62.7,54.6,57.1,60600
2011-08-08,53.4,54.9,49.0,49.0,90400
2011-08-09,50.0,57.1,49.2,56.8,157900
2011-08-10,55.1,58.0,53.3,53.6,94400
2011-08-11,54.5,60.0,54.5,58.7,82500
2011-08-12,60.0,61.7,57.2,58.7,52700
2011-08-15,59.9,63.4,59.9,63.3,68100
2011-08-16,61.6,62.0,59.3,60.2,62900
2011-08-17,60.9,62.2,59.7,60.6,45600
2011-08-18,58.2,58.4,55.8,56.5,62900
2011-08-19,55.0,58.6,53.1,53.5,59300
2011-08-22,55.5,55.9,51.0,52.3,67300
2011-08-23,52.9,56.0,51.5,55.6,53700
2011-08-24,55.3,56.6,54.3,56.3,40500
2011-08-25,57.1,57.6,54.1,54.2,43400
2011-08-26,53.7,56.8,52.7,56.4,37200
2011-08-29,57.4,59.2,56.6,58.8,45600
2011-08-30,58.0,59.3,56.9,58.4,43900
2011-08-31,59.1,60.4,57.0,57.5,51500
2011-09-01,57.3,58.3,55.7,55.9,50400
2011-09-02,54.5,55.1,52.5,53.2,42400
2011-09-06,51.0,53.2,50.3,53.0,43900
2011-09-07,54.2,56.0,53.2,55.3,52000
2011-09-08,54.9,57.1,54.1,54.5,48400
2011-09-09,53.1,54.5,50.7,50.8,84200
2011-09-12,49.7,51.6,48.8,50.1,55900
2011-09-13,50.0,51.4,49.2,50.9,63800
2011-09-14,51.5,53.4,50.1,52.2,50200
2011-09-15,52.7,54.0,51.8,53.9,42700
2011-09-16,54.6,55.6,53.3,55.5,59000
2011-09-19,54.4,57.0,54.2,56.1,66900
2011-09-20,56.8,56.8,53.3,53.5,47400
2011-09-21,53.2,54.7,50.3,50.3,54600
2011-09-22,48.5,49.0,43.3,43.9,97600
2011-09-23,43.9,45.4,42.5,42.6,63900
2011-09-26,43.2,43.4,39.6,42.4,67800
2011-09-27,44.0,45.3,42.5,42.9,106600
2011-09-28,42.6,43.6,40.0,40.0,56600
2011-09-29,41.7,41.8,39.0,40.3,34200
2011-09-30,38.9,39.7,37.9,38.7,58100
2011-10-03,37.8,38.3,32.5,32.7,73500
2011-10-04,32.4,35.6,30.2,35.6,73800
2011-10-05,35.7,35.7,33.9,35.0,56800
2011-10-06,35.0,37.5,35.0,36.5,52600
2011-10-07,37.2,37.2,34.1,34.5,42600
2011-10-10,35.5,37.7,35.1,36.9,45800
2011-10-11,36.9,37.2,35.1,36.5,33600
2011-10-12,36.9,39.7,36.7,37.4,78400
2011-10-13,37.2,40.0,36.1,39.7,53500
2011-10-14,41.3,43.0,40.5,41.8,102000
2011-10-17,42.3,47.0,42.3,45.6,99000
2011-10-18,45.1,46.3,43.0,45.9,73600
2011-10-19,45.8,46.9,44.4,44.7,38100
2011-10-20,44.8,45.2,42.3,43.8,41900
2011-10-21,44.9,45.9,43.9,45.5,42200
2011-10-24,45.5,47.0,45.0,47.0,47500
2011-10-25,46.9,46.9,43.9,44.0,54000
2011-10-26,45.2,46.7,42.5,46.2,53700
2011-10-27,48.4,51.7,47.3,50.6,98900
2011-10-28,50.0,51.1,49.5,49.9,46400
2011-10-31,48.3,50.0,47.1,47.1,78400
2011-11-01,44.6,47.7,42.6,45.9,79400
2011-11-02,46.1,49.1,46.1,48.3,49800
2011-11-03,51.5,59.9,51.1,57.0,184900
2011-11-04,55.9,58.1,54.6,56.7,64900
2011-11-07,56.3,58.2,54.3,56.2,54000
2011-11-08,56.7,57.8,55.2,57.0,35200
2011-11-09,55.0,56.1,52.8,52.8,41300
2011-11-10,54.2,55.6,52.4,54.3,30000
2011-11-11,55.0,56.3,54.4,54.9,33900
2011-11-14,54.1,54.8,51.6,52.4,28400
2011-11-15,51.9,54.5,51.4,54.0,26700
2011-11-16,53.1,54.9,52.3,52.3,31800
2011-11-17,52.0,52.8,50.0,50.5,37800
2011-11-18,50.7,51.5,49.0,49.5,20000
2011-11-21,48.0,48.1,45.0,46.7,38000
2011-11-22,46.7,48.6,46.7,46.7,19400
2011-11-23,46.0,46.5,43.7,43.7,34400
2011-11-25,43.4,45.1,42.7,42.7,14700
2011-11-28,44.8,48.4,44.8,46.6,36700
2011-11-29,47.4,50.4,47.1,48.6,54900
2011-11-30,51.7,53.7,51.2,53.7,43700
2011-12-01,53.6,53.8,49.9,50.3,49300
2011-12-02,51.5,52.5,50.4,50.8,28200
2011-12-05,52.4,52.5,50.5,51.2,28700
2011-12-06,51.2,52.0,50.3,51.1,26200
2011-12-07,50.4,50.9,49.4,50.0,36800
2011-12-08,49.1,50.2,47.5,47.7,33200
2011-12-09,48.2,49.2,47.7,47.9,41700
2011-12-12,47.5,47.6,45.6,46.4,42300
2011-12-13,47.3,48.6,45.0,45.1,31200
2011-12-14,46.3,46.8,44.0,46.4,49900
2011-12-15,47.5,47.9,46.3,46.9,26400
2011-12-16,47.5,47.7,45.7,46.1,42100
2011-12-19,46.6,48.2,46.2,46.6,32300
2011-12-20,48.4,50.5,47.8,50.2,30600
2011-12-21,49.6,52.8,49.6,52.5,39700
2011-12-22,52.8,54.0,52.6,53.0,26700
2011-12-23,52.8,53.7,52.0,52.2,11500
2011-12-27,52.0,52.7,51.9,52.3,13100
2011-12-28,52.4,52.5,49.6,50.5,21100
2011-12-29,50.5,51.7,49.9,51.0,16100
2011-12-30,50.9,51.2,49.5,49.7,34000
2012-01-03,51.5,54.4,51.4,54.1,45700
2012-01-04,53.7,54.5,52.4,54.0,25200
2012-01-05,53.7,56.6,52.8,56.6,29700
2012-01-06,56.4,56.8,54.5,54.7,24100
2012-01-09,55.1,55.3,53.6,54.7,38500
2012-01-10,55.5,56.5,55.0,55.7,46600
2012-01-11,55.5,55.9,53.9,54.3,25300
2012-01-12,54.4,54.4,51.6,52.0,35100
2012-01-13,51.5,54.2,50.9,54.0,42300
2012-01-17,54.9,55.0,53.0,54.1,29500
2012-01-18,54.1,56.1,54.0,56.0,34200
2012-01-19,56.2,57.9,56.1,57.1,32300
2012-01-20,57.0,57.1,55.0,56.2,25800
2012-01-23,57.4,57.5,56.0,57.0,13300
2012-01-24,56.3,59.0,56.2,58.8,33600
2012-01-25,58.5,60.0,57.7,59.9,21100
2012-01-26,60.6,61.5,57.5,58.3,46300
2012-01-27,57.7,59.5,57.5,59.0,17000
2012-01-30,58.3,60.1,58.3,59.9,19200
2012-01-31,60.2,61.0,59.0,60.0,23700
2012-02-01,60.5,61.4,59.7,60.6,33000
2012-02-02,60.6,62.4,59.6,62.0,36600
2012-02-03,63.1,67.1,62.4,66.3,50100
2012-02-06,65.9,67.8,64.2,67.2,36200
2012-02-07,67.1,67.8,65.0,66.9,26600
2012-02-08,67.5,68.5,65.7,67.5,28100
2012-02-09,67.5,68.3,66.5,67.8,18000
2012-02-10,66.7,67.2,65.8,66.9,30600
2012-02-13,68.4,69.5,67.5,69.2,31900
2012-02-14,69.5,70.5,68.6,69.6,25200
2012-02-15,70.5,71.6,69.5,70.9,31800
2012-02-16,71.6,78.7,71.0,77.2,81400
2012-02-17,78.3,79.5,76.3,77.1,77300
2012-02-21,77.3,78.5,75.7,76.4,74100
2012-02-22,76.5,76.9,71.1,72.5,61400
2012-02-23,73.0,76.8,71.8,76.5,42400
2012-02-24,78.3,78.3,75.7,76.4,30500
2012-02-27,75.4,76.9,74.2,75.1,31900
2012-02-28,75.4,75.5,73.1,73.9,32000
2012-02-29,74.3,75.0,70.6,70.6,49600
2012-03-01,71.4,74.8,70.6,73.0,29000
2012-03-02,73.0,73.9,68.5,69.4,43700
2012-03-05,68.8,70.2,66.6,67.6,32700
2012-03-06,66.0,67.5,62.4,62.7,58300
2012-03-07,63.4,66.2,63.4,65.0,37200
2012-03-08,65.9,67.3,64.9,66.7,22400
2012-03-09,66.9,69.8,66.7,68.7,29900
2012-03-12,68.4,68.8,67.0,67.7,21000
2012-03-13,68.6,68.7,66.3,67.5,40700
2012-03-14,67.5,69.3,65.8,67.8,57200
2012-03-15,73.2,74.6,69.1,69.4,130100
2012-03-16,69.9,72.5,69.2,72.3,59900
2012-03-19,72.3,73.5,70.5,71.7,58500
2012-03-20,70.6,71.2,69.5,69.9,39400
2012-03-21,69.9,70.0,68.0,69.5,34800
2012-03-22,68.0,68.4,67.0,67.8,30700
2012-03-23,67.9,68.2,66.1,67.7,38900
2012-03-26,68.9,69.3,67.3,68.1,19300
2012-03-27,67.7,68.0,64.7,65.1,30800
2012-03-28,64.8,64.9,62.5,63.6,30500
2012-03-29,62.8,63.3,61.1,63.0,27900
2012-03-30,63.9,64.2,62.0,62.9,15800
2012-04-02,62.8,64.5,62.3,64.3,25200
2012-04-03,64.3,64.5,63.5,63.9,26800
2012-04-04,62.5,62.6,60.0,60.0,55700
2012-04-05,59.7,61.2,59.0,59.3,21300
2012-04-09,57.6,58.5,56.6,57.5,26600
2012-04-10,57.2,57.5,55.0,55.2,33400
2012-04-11,56.1,57.1,55.2,55.9,22000
2012-04-12,55.7,58.0,55.7,57.7,22000
2012-04-13,57.1,57.2,55.5,55.6,21100
2012-04-16,56.2,56.9,53.5,53.5,32800
2012-04-17,54.3,55.6,54.3,54.9,33200
2012-04-18,54.2,54.8,52.6,53.1,22700
2012-04-19,53.3,53.8,50.8,51.0,37700
2012-04-20,51.9,52.8,51.3,52.1,34000
2012-04-23,50.7,52.7,50.5,51.8,27800
2012-04-24,52.0,53.6,51.6,53.4,14800
2012-04-25,54.5,54.9,52.5,54.0,33400
2012-04-26,54.0,58.5,53.6,57.9,44100
2012-04-27,58.4,59.2,56.8,58.5,30200
2012-04-30,58.6,59.3,57.5,58.1,23200
2012-05-01,58.9,64.0,58.4,60.8,56900
2012-05-02,59.8,62.5,59.0,62.4,40400
2012-05-03,62.1,62.3,59.1,60.9,54300
2012-05-04,60.1,60.9,58.0,58.6,35400
2012-05-07,58.1,60.0,57.5,58.3,24000
2012-05-08,48.6,55.9,47.7,48.7,150000
2012-05-09,50.3,55.3,49.3,54.9,75700
2012-05-10,55.7,56.0,50.6,50.9,50900
2012-05-11,50.4,52.3,50.1,50.7,33500
2012-05-14,50.0,50.8,48.3,48.3,29400
2012-05-15,48.5,51.0,48.5,49.0,53300
2012-05-16,49.5,51.1,45.1,45.5,78100
2012-05-17,45.4,45.5,42.7,42.9,54100
2012-05-18,43.1,44.9,42.3,44.3,56300
2012-05-21,44.5,47.5,44.1,47.5,34200
2012-05-22,47.4,48.9,45.8,46.6,29400
2012-05-23,45.5,47.9,44.6,47.6,28600
2012-05-24,47.5,47.5,45.7,46.2,21900
2012-05-25,46.2,46.4,45.1,45.4,26600
2012-05-29,45.9,46.8,45.1,46.0,24000
2012-05-30,45.0,45.0,43.5,44.2,29000
2012-05-31,44.1,44.7,42.5,43.1,21500
2012-06-01,41.7,42.0,40.0,40.3,34400
2012-06-04,40.2,41.3,39.5,41.1,27900
2012-06-05,41.0,42.1,40.3,40.5,37700
2012-06-06,41.1,44.2,41.1,43.8,34600
2012-06-07,45.0,45.3,42.7,42.8,21900
2012-06-08,42.5,43.5,41.1,42.9,12000
2012-06-11,44.0,44.1,40.0,40.0,28000
2012-06-12,40.4,40.7,38.7,40.5,34800
2012-06-13,40.6,41.4,39.0,39.3,19600
2012-06-14,39.3,40.2,39.0,40.1,16600
2012-06-15,40.1,42.7,40.0,41.7,50200
2012-06-18,41.5,41.7,40.4,40.7,26100
2012-06-19,41.1,43.9,41.1,43.2,53700
2012-06-20,43.1,44.2,40.7,41.9,32300
2012-06-21,42.0,42.9,39.2,39.5,30600
2012-06-22,40.0,40.9,38.9,40.2,155300
2012-06-25,39.6,39.7,38.0,38.8,23500
2012-06-26,39.0,40.0,38.0,39.7,22900
2012-06-27,40.0,40.6,39.3,39.8,26600
2012-06-28,39.2,40.9,38.9,40.0,26000
2012-06-29,41.1,42.6,40.7,42.6,40000
2012-07-02,42.8,43.5,41.6,43.5,26700
2012-07-03,43.4,45.7,43.4,45.3,17900
2012-07-05,45.3,45.9,44.1,44.4,23900
2012-07-06,43.6,44.6,42.8,43.5,22800
2012-07-09,43.6,44.0,42.1,43.6,18100
2012-07-10,43.8,44.1,41.9,42.8,25400
2012-07-11,42.8,43.9,42.8,43.4,11900
2012-07-12,42.8,43.4,42.0,42.8,14500
2012-07-13,43.2,44.1,42.6,43.8,18600
2012-07-16,43.7,43.7,42.0,42.9,13500
2012-07-17,43.7,43.9,41.1,42.6,17600
2012-07-18,42.7,43.5,41.9,42.7,9500
2012-07-19,43.1,43.4,42.1,43.3,17700
2012-07-20,42.7,46.7,42.2,45.6,60400
2012-07-23,44.5,44.7,43.3,43.7,22900
2012-07-24,43.9,47.5,43.9,46.0,58100
2012-07-25,46.3,48.0,45.4,47.0,42100
2012-07-26,48.3,48.5,47.4,47.9,51000
2012-07-27,49.0,51.3,47.7,49.9,47100
2012-07-30,49.9,51.0,49.5,50.5,38200
2012-07-31,50.4,51.3,48.9,49.7,37000
2012-08-01,50.3,51.4,49.2,51.0,30100
2012-08-02,50.1,51.2,47.1,47.5,45700
2012-08-03,48.3,51.4,48.3,50.3,28400
2012-08-06,50.5,51.5,47.5,50.1,46700
2012-08-07,50.6,51.7,50.6,51.0,31900
2012-08-08,50.5,51.5,49.0,51.0,16400
2012-08-09,51.1,53.7,49.5,53.1,39700
2012-08-10,52.9,53.0,51.4,52.2,44000
2012-08-13,52.1,52.9,50.9,51.4,14600
2012-08-14,51.3,52.8,51.2,52.5,22900
2012-08-15,52.5,53.8,51.8,53.0,16900
2012-08-16,52.8,55.0,52.8,54.7,23300
2012-08-17,54.9,54.9,53.3,54.7,20200
2012-08-20,54.5,55.4,53.9,54.5,22000
2012-08-21,55.1,56.4,54.7,55.3,26600
2012-08-22,55.3,55.3,54.0,54.6,16000
2012-08-23,54.8,55.0,54.1,54.7,16200
2012-08-24,54.3,54.9,52.3,54.3,47500
2012-08-27,54.5,54.7,52.7,53.0,23800
2012-08-28,52.8,54.4,52.3,54.0,49500
2012-08-29,54.0,54.9,53.5,54.3,20200
2012-08-30,53.9,54.2,53.4,53.8,11400
2012-08-31,54.4,55.5,53.5,55.3,28100
2012-09-04,55.2,55.8,54.0,55.2,19800
2012-09-05,55.4,55.8,54.9,55.4,11700
2012-09-06,55.5,57.1,54.9,56.8,44100
2012-09-07,57.6,60.0,57.0,59.7,34000
2012-09-10,59.8,63.5,59.2,60.3,78600
2012-09-11,61.4,63.0,60.7,62.9,39500
2012-09-12,63.4,64.0,61.4,63.2,30700
2012-09-13,63.1,64.0,61.5,63.3,40400
2012-09-14,63.5,65.5,63.3,64.3,49600
2012-09-17,63.9,63.9,62.6,63.4,43200
2012-09-18,63.0,64.8,62.3,63.5,37200
2012-09-19,63.6,63.9,59.6,60.3,62800
2012-09-20,59.6,61.4,58.3,61.3,61900
2012-09-21,62.3,62.8,61.3,62.1,49600
2012-09-24,62.1,62.9,61.5,62.7,35500
2012-09-25,62.5,63.1,60.4,60.6,30600
2012-09-26,60.6,60.6,58.6,59.1,27800
2012-09-27,59.7,60.7,58.0,60.5,25600
2012-09-28,60.1,62.2,59.6,61.5,41800
2012-10-01,62.2,63.6,61.4,61.8,20600
2012-10-02,62.1,62.2,60.5,60.7,19400
2012-10-03,60.8,60.8,58.4,59.3,32500
2012-10-04,59.5,60.9,58.8,60.6,13500
2012-10-05,60.9,61.5,58.7,59.1,13300
2012-10-08,58.4,60.7,58.1,60.5,25600
2012-10-09,60.6,61.4,59.2,59.3,14800
2012-10-10,59.4,59.9,58.0,58.7,16700
2012-10-11,59.5,60.9,58.9,60.3,15500
2012-10-12,60.4,60.8,59.5,60.5,13200
2012-10-15,60.8,61.1,59.0,59.8,13200
2012-10-16,60.4,60.9,59.3,59.8,13900
2012-10-17,59.8,61.7,59.3,61.5,16000
2012-10-18,61.3,62.1,60.6,60.6,11800
2012-10-19,60.1,60.8,58.6,59.0,17300
2012-10-22,59.3,60.2,58.6,59.8,18700
2012-10-23,58.7,59.0,55.2,57.6,44000
2012-10-24,57.9,58.5,56.1,56.4,17500
2012-10-25,57.1,57.1,55.5,56.8,13300
2012-10-26,56.8,57.5,55.5,56.0,6900
2012-10-31,56.0,57.4,55.6,57.2,11900
2012-11-01,57.4,57.8,55.6,57.6,25900
2012-11-02,58.0,58.0,55.0,55.2,29600
2012-11-05,55.0,56.7,54.3,56.1,12400
2012-11-06,56.5,57.1,56.1,57.1,15200
2012-11-07,55.5,55.7,52.2,52.2,32900
2012-11-08,51.3,51.6,44.8,45.0,53900
2012-11-09,45.0,49.1,45.0,47.1,51600
2012-11-12,47.5,47.5,45.2,46.2,20200
2012-11-13,44.2,44.2,42.5,44.0,44000
2012-11-14,44.1,44.2,42.5,42.8,40500
2012-11-15,42.6,43.6,42.1,42.5,20700
2012-11-16,42.3,42.6,40.7,42.1,24300
2012-11-19,43.4,44.0,42.9,44.0,16500
2012-11-20,43.6,45.1,43.1,44.0,15900
2012-11-21,44.1,44.7,43.5,44.7,7500
2012-11-23,45.0,45.6,44.9,45.4,7300
2012-11-26,45.8,46.6,44.5,44.9,10600
2012-11-27,45.0,45.0,41.9,41.9,28900
2012-11-28,41.7,44.9,40.5,44.9,25300
2012-11-29,45.6,46.5,44.5,46.1,17900
2012-11-30,46.4,47.4,46.0,46.9,24400
2012-12-03,47.3,48.9,46.1,46.7,22700
2012-12-04,47.2,47.2,44.1,44.3,22700
2012-12-05,44.8,45.8,43.2,43.5,21800
2012-12-06,44.7,48.9,44.7,45.4,27300
2012-12-07,46.0,46.0,43.6,45.5,14500
2012-12-10,45.7,45.7,44.7,45.4,11200
2012-12-11,45.9,46.9,44.9,46.8,25300
2012-12-12,46.9,47.3,45.3,46.6,39500
2012-12-13,46.3,46.4,43.9,44.6,11400
2012-12-14,44.1,45.4,44.1,44.6,26800
2012-12-17,44.5,45.2,43.8,44.5,29800
2012-12-18,45.0,46.6,44.2,46.5,30500
2012-12-19,46.4,48.4,46.1,48.1,24500
2012-12-20,47.9,50.0,47.6,49.6,26700
2012-12-21,48.2,49.0,47.3,48.0,45700
2012-12-24,47.7,47.9,46.4,46.7,3400
2012-12-26,47.1,47.7,46.2,47.4,12300
2012-12-27,47.4,47.8,45.1,46.1,18600
2012-12-28,45.7,46.9,45.2,45.3,21200
2012-12-31,44.8,47.2,44.6,47.0,35300
2013-01-02,48.5,52.2,48.1,51.9,44600
2013-01-03,51.6,52.1,50.0,50.5,26000
2013-01-04,51.3,52.4,51.0,52.4,19500
2013-01-07,51.7,52.9,50.2,51.2,26800
2013-01-08,51.0,53.3,50.6,52.8,22400
2013-01-09,53.2,53.4,50.9,51.5,12600
2013-01-10,51.9,52.4,50.8,52.1,8500
2013-01-11,52.3,52.7,50.8,50.8,9800
2013-01-14,50.9,51.2,49.2,49.6,15800
2013-01-15,49.2,49.2,47.6,48.5,21900
2013-01-16,48.5,49.8,48.4,49.1,12900
2013-01-17,49.3,50.9,49.2,50.5,14500
2013-01-18,50.7,51.5,49.7,51.2,21800
2013-01-22,51.4,52.3,50.2,52.2,21300
2013-01-23,52.2,52.2,51.3,51.6,9500
2013-01-24,51.8,52.0,50.8,51.5,11800
2013-01-25,51.8,52.0,50.7,51.7,14500
2013-01-28,52.2,52.2,50.7,51.9,12900
2013-01-29,52.0,52.6,51.3,52.5,15200
2013-01-30,52.7,55.0,51.9,52.1,23500
2013-01-31,51.9,52.5,51.5,51.5,13600
2013-02-01,52.2,54.3,51.6,53.4,23900
2013-02-04,53.0,54.2,52.5,53.3,15400
2013-02-05,53.9,53.9,52.9,53.6,9400
2013-02-06,53.1,54.8,52.7,54.6,12100
2013-02-07,54.8,54.8,53.7,54.0,7100
2013-02-08,54.0,57.1,54.0,56.8,29000
2013-02-11,56.9,56.9,54.7,55.7,12700
2013-02-12,55.3,56.4,54.7,55.8,7500
2013-02-13,55.5,55.7,54.3,55.6,10600
2013-02-14,55.3,58.2,55.3,57.6,16800
2013-02-15,57.9,57.9,54.2,54.8,22700
2013-02-19,55.1,55.2,53.6,55.0,11400
2013-02-20,55.2,55.2,51.3,51.6,20500
2013-02-21,51.3,52.0,50.5,50.9,17100
2013-02-22,51.5,53.3,51.2,53.3,11800
2013-02-25,53.9,54.6,52.5,52.5,33000
2013-02-26,53.1,53.8,51.7,53.3,11700
2013-02-27,52.8,55.3,52.8,54.2,12300
2013-02-28,54.1,54.7,53.8,53.9,9800
2013-03-01,54.2,55.1,51.1,51.3,33100
2013-03-04,50.9,52.8,50.0,52.1,20300
2013-03-05,52.2,54.1,52.1,53.9,17300
2013-03-06,54.1,55.4,53.9,55.3,16300
2013-03-07,55.5,57.9,54.6,55.1,32800
2013-03-08,55.9,55.9,50.0,50.8,231100
2013-03-11,51.0,52.0,50.5,51.8,59200
2013-03-12,51.8,51.8,48.8,49.0,45100
2013-03-13,49.2,49.6,48.0,48.2,31000
2013-03-14,48.6,50.5,48.1,50.0,23900
2013-03-15,45.1,47.5,43.2,43.8,108700
2013-03-18,43.5,43.7,41.4,42.5,61800
2013-03-19,43.4,43.5,38.5,39.6,88000
2013-03-20,40.2,40.2,38.0,38.9,71400
2013-03-21,38.3,39.3,37.5,38.6,56600
2013-03-22,39.0,39.1,37.7,38.3,38800
2013-03-25,38.8,39.0,37.3,37.5,42000
2013-03-26,38.0,38.0,36.2,36.5,38300
2013-03-27,36.5,37.6,36.2,36.7,50400
2013-03-28,38.0,38.2,36.6,37.0,49700
2013-04-01,37.2,38.3,36.8,38.3,47100
2013-04-02,38.5,38.7,37.4,37.8,35800
2013-04-03,37.8,37.8,35.6,35.8,45700
2013-04-04,36.0,36.1,33.9,34.2,39900
2013-04-05,33.2,34.1,32.8,33.8,72800
2013-04-08,34.0,35.0,33.2,35.0,30700
2013-04-09,35.3,36.6,35.0,36.3,41700
2013-04-10,37.0,37.3,35.6,35.7,54500
2013-04-11,37.0,40.0,36.8,39.0,73400
2013-04-12,39.2,39.2,37.5,38.5,53800
2013-04-15,38.2,38.2,35.0,35.5,69200
2013-04-16,36.5,36.7,35.0,35.9,38800
2013-04-17,35.3,35.3,33.0,33.1,56500
2013-04-18,33.5,34.8,33.2,34.3,43200
2013-04-19,34.6,34.8,33.5,33.6,36100
2013-04-22,34.2,34.4,33.0,33.8,31200
2013-04-23,34.0,34.0,33.2,33.9,28600
2013-04-24,33.9,36.3,33.7,36.2,33000
2013-04-25,36.8,37.2,35.5,36.0,29900
2013-04-26,35.9,36.1,35.0,35.6,21700
2013-04-29,36.0,37.4,36.0,37.0,23900
2013-04-30,36.7,37.1,35.7,35.8,32100
2013-05-01,36.3,36.3,33.8,34.0,40400
2013-05-02,34.1,35.4,33.9,35.1,24000
2013-05-03,35.9,36.5,35.7,36.2,20300
2013-05-06,36.5,36.8,36.4,36.7,14300
2013-05-07,36.8,37.1,36.1,36.5,23700
2013-05-08,36.5,36.6,36.1,36.4,20600
2013-05-09,36.1,37.3,35.6,36.8,23500
2013-05-10,37.1,37.5,36.4,36.8,21800
2013-05-13,35.2,35.7,34.0,34.4,58200
2013-05-14,34.5,36.1,34.4,35.7,45700
2013-05-15,35.5,36.0,35.1,35.7,18700
2013-05-16,35.5,35.9,35.0,35.4,12700
2013-05-17,35.5,36.3,35.1,36.3,27600
2013-05-20,36.3,37.4,36.0,36.7,30200
2013-05-21,36.8,38.3,36.5,37.3,44800
2013-05-22,37.6,37.7,36.2,36.9,34500
2013-05-23,36.3,37.2,35.9,36.5,36700
2013-05-24,36.2,36.7,35.4,36.2,46900
2013-05-28,37.0,38.7,36.5,37.4,54900
2013-05-29,37.0,38.2,36.9,37.6,31000
2013-05-30,37.9,38.5,37.5,38.2,14400
2013-05-31,38.0,38.4,37.1,37.2,23600
2013-06-03,37.2,38.1,36.5,37.7,31000
2013-06-04,37.7,37.8,36.6,37.1,15400
2013-06-05,36.8,36.9,36.0,36.2,20300
2013-06-06,36.2,37.4,36.0,37.4,18000
2013-06-07,37.9,38.4,35.8,36.0,45800
2013-06-10,35.7,36.9,35.6,35.9,23200
2013-06-11,35.4,35.8,35.0,35.4,16600
2013-06-12,35.7,35.8,35.1,35.6,15000
2013-06-13,35.7,35.8,35.2,35.5,18500
2013-06-14,35.5,35.5,34.3,34.8,24200
2013-06-17,35.4,35.4,34.6,35.3,9100
2013-06-18,35.3,36.3,34.8,36.1,16200
2013-06-19,35.9,36.1,35.1,35.1,10500
2013-06-20,33.9,34.9,31.9,34.1,25900
2013-06-21,34.0,34.4,33.3,34.4,30600
2013-06-24,33.5,33.5,32.0,32.7,32500
2013-06-25,33.0,33.8,33.0,33.6,20100
2013-06-26,34.4,34.8,34.2,34.2,15000
2013-06-27,34.5,34.9,34.1,34.4,12400
2013-06-28,35.0,35.3,33.4,33.7,37900
2013-07-01,34.4,35.1,34.0,34.5,10400
2013-07-02,34.4,35.1,34.1,34.6,24200
2013-07-03,34.6,34.7,34.2,34.4,23200
2013-07-05,35.1,36.4,34.6,36.4,21300
2013-07-08,36.9,38.1,36.3,37.0,21100
2013-07-09,37.1,37.4,36.6,37.1,16500
2013-07-10,36.9,37.1,36.4,36.6,25000
2013-07-11,37.3,37.4,36.7,37.1,29700
2013-07-12,37.0,37.9,37.0,37.7,13700
2013-07-15,37.8,38.6,37.5,38.0,28500
2013-07-16,37.9,38.9,37.7,38.0,19100
2013-07-17,37.9,38.9,37.8,38.0,16100
2013-07-18,38.7,41.5,38.6,40.7,74700
2013-07-19,40.5,41.3,40.5,41.0,28200
2013-07-22,41.2,42.0,41.2,42.0,37500
2013-07-23,42.0,42.6,41.9,42.3,15700
2013-07-24,42.3,42.3,39.2,39.8,39400
2013-07-25,39.6,41.4,39.6,40.5,20000
2013-07-26,39.9,40.2,39.7,39.9,24400
2013-07-29,39.6,40.7,39.1,40.3,14500
2013-07-30,40.5,40.6,39.6,40.3,8900
2013-07-31,40.5,40.9,39.8,40.0,23900
2013-08-01,41.4,43.1,40.8,41.8,52900
2013-08-02,41.7,43.0,41.3,41.9,38300
2013-08-05,42.1,43.0,41.8,42.7,29100
2013-08-06,42.8,43.1,42.0,42.1,25900
2013-08-07,42.2,42.5,41.3,42.3,17900
2013-08-08,42.6,43.3,41.7,42.0,26100
2013-08-09,42.3,45.2,42.3,44.0,97500
2013-08-12,44.5,45.5,42.4,43.3,39500
2013-08-13,43.7,45.0,43.0,43.1,55500
2013-08-14,44.0,44.9,43.3,43.9,32100
2013-08-15,43.6,43.8,42.5,42.8,30500
2013-08-16,42.6,43.8,42.6,43.3,18300
2013-08-19,43.4,43.4,40.8,41.5,21200
2013-08-20,41.4,42.5,41.1,42.2,18200
2013-08-21,41.9,42.4,41.3,41.3,49100
2013-08-22,41.4,43.0,41.4,42.8,36800
2013-08-23,42.7,43.1,41.9,42.5,38200
2013-08-26,42.4,44.4,42.3,43.2,19900
2013-08-27,42.6,44.2,42.6,44.0,73000
2013-08-28,43.8,47.4,43.8,47.0,68600
2013-08-29,47.3,47.8,45.6,46.1,34100
2013-08-30,46.0,46.2,44.6,44.9,25400
2013-09-03,45.6,46.1,45.2,45.6,21200
2013-09-04,45.4,46.3,45.4,45.8,26700
2013-09-05,46.0,46.0,45.4,45.6,15100
2013-09-06,46.0,46.0,44.9,45.1,22300
2013-09-09,46.5,48.4,46.1,48.2,86600
2013-09-10,48.2,49.0,47.7,48.3,45700
2013-09-11,48.1,48.7,47.1,47.5,29000
2013-09-12,47.5,48.8,47.3,48.5,27100
2013-09-13,48.4,50.2,48.4,50.0,31000
2013-09-16,50.7,50.7,48.8,49.0,39600
2013-09-17,49.5,50.9,48.3,50.3,33900
2013-09-18,50.5,50.7,49.5,50.0,56000
2013-09-19,50.5,52.0,50.2,51.0,30400
2013-09-20,51.2,51.6,50.1,51.2,58900
2013-09-23,51.0,51.8,50.1,51.6,25300
2013-09-24,51.7,52.9,51.0,52.5,26700
2013-09-25,52.8,53.0,50.9,52.0,55000
2013-09-26,52.0,52.8,50.9,52.0,42700
2013-09-27,51.7,53.2,51.7,53.0,59700
2013-09-30,52.0,54.9,51.7,54.7,60800
2013-10-01,54.2,55.0,53.6,54.7,30500
2013-10-02,54.2,54.9,53.8,54.5,25000
2013-10-03,54.2,54.7,51.8,52.8,44200
2013-10-04,52.8,54.8,52.8,54.3,40100
2013-10-07,53.5,55.8,53.5,55.7,83800
2013-10-08,56.3,57.4,55.3,55.6,54400
2013-10-09,55.6,56.6,54.2,56.0,51800
2013-10-10,57.0,58.4,56.5,57.4,27700
2013-10-11,56.9,57.9,56.5,57.6,23300
2013-10-14,57.8,57.9,56.5,57.0,36900
2013-10-15,56.7,59.1,56.6,58.9,46200
2013-10-16,60.0,63.7,59.7,63.1,118600
2013-10-17,62.9,66.2,62.7,65.9,101200
2013-10-18,68.6,76.0,68.3,75.9,354400
2013-10-21,75.1,75.6,68.7,70.9,144500
2013-10-22,68.3,70.0,66.1,69.2,122400
2013-10-23,68.2,71.2,65.1,70.1,85600
2013-10-24,70.0,72.4,70.0,71.9,71700
2013-10-25,71.9,72.8,70.2,72.0,51300
2013-10-28,72.0,72.4,70.0,70.8,42300
2013-10-29,70.3,72.1,70.1,71.4,39100
2013-10-30,71.7,72.1,68.5,69.6,82300
2013-10-31,69.5,69.9,66.7,68.3,64800
2013-11-01,68.0,68.6,66.1,66.8,53700
2013-11-04,67.0,69.1,66.8,68.9,32900
2013-11-05,68.9,69.4,66.8,68.3,49800
2013-11-06,68.6,69.0,63.8,65.3,46500
2013-11-07,67.5,71.5,62.2,63.7,97600
2013-11-08,63.8,70.4,63.4,69.1,52800
2013-11-11,68.9,68.9,66.3,67.9,41100
2013-11-12,67.5,67.8,64.8,66.2,39600
2013-11-13,65.4,70.5,65.3,66.9,82200
2013-11-14,66.9,67.4,64.1,67.2,44400
2013-11-15,67.5,67.9,66.1,67.4,30200
2013-11-18,67.8,68.5,63.2,65.0,51900
2013-11-19,65.1,66.9,64.2,65.3,61200
2013-11-20,65.8,66.0,61.4,62.7,72800
2013-11-21,63.2,66.6,63.0,65.4,44400
2013-11-22,65.3,66.6,64.1,66.1,20900
2013-11-25,65.8,65.8,63.4,63.5,33500
2013-11-26,63.5,66.3,63.5,65.7,44600
2013-11-27,65.2,65.6,64.0,64.8,27000
2013-11-29,65.2,68.0,64.5,66.5,28900
2013-12-02,66.6,67.9,65.5,67.2,32900
2013-12-03,66.9,67.9,65.7,66.8,21800
2013-12-04,67.0,67.7,65.5,67.0,23100
2013-12-05,66.6,67.2,65.6,65.9,23800
2013-12-06,66.7,66.7,60.5,61.2,65100
2013-12-09,61.1,61.6,59.2,59.7,46000
2013-12-10,59.3,60.4,57.2,59.0,74800
2013-12-11,58.2,60.5,58.0,59.8,47200
2013-12-12,59.6,61.0,58.7,60.3,34400
2013-12-13,60.2,60.3,58.7,59.4,26000
2013-12-16,59.7,60.8,59.3,60.1,30900
2013-12-17,60.3,60.5,57.0,59.6,34300
2013-12-18,59.6,59.9,57.9,59.1,37600
2013-12-19,58.9,61.1,58.9,59.9,31200
2013-12-20,60.7,65.0,60.7,64.2,88600
2013-12-23,66.3,66.4,62.5,63.1,31900
2013-12-24,63.5,65.0,62.6,64.6,14500
2013-12-26,64.7,65.9,63.5,64.7,24000
2013-12-27,65.2,65.4,63.3,63.8,20600
2013-12-30,64.0,64.5,62.8,63.1,38100
2013-12-31,63.3,65.4,62.5,65.3,68900
2014-01-02,64.7,64.7,61.3,62.7,42400
2014-01-03,62.6,65.0,61.6,64.1,29400
2014-01-06,64.7,65.6,61.8,63.1,35700
2014-01-07,63.6,67.4,62.5,65.5,52100
2014-01-08,65.0,69.9,64.6,66.7,73400
2014-01-09,66.7,68.4,65.6,67.1,37400
2014-01-10,67.4,67.7,65.0,66.0,23300
2014-01-13,66.0,66.7,63.0,64.7,50400
2014-01-14,64.9,67.5,64.3,66.0,35100
2014-01-15,66.3,67.6,65.5,66.0,23300
2014-01-16,66.0,66.8,65.0,66.5,14600
2014-01-17,66.2,66.5,64.2,64.6,22100
2014-01-21,66.0,67.4,64.5,66.4,42000
2014-01-22,66.5,67.9,65.5,67.2,41800
2014-01-23,67.2,67.7,65.5,66.0,37700
2014-01-24,65.4,67.4,64.2,66.6,35100
2014-01-27,67.0,67.2,62.6,64.4,33000
2014-01-28,64.3,67.3,64.3,67.1,40800
2014-01-29,66.4,66.9,65.5,66.5,32600
2014-01-30,67.1,70.7,66.3,69.8,98400
2014-01-31,68.1,68.8,64.9,67.5,135800
2014-02-03,67.6,68.0,64.3,65.3,51000
2014-02-04,64.3,66.2,62.6,65.7,163700
2014-02-05,65.6,68.4,64.4,65.2,68600
2014-02-06,65.4,66.9,65.0,65.2,27000
2014-02-07,65.2,65.5,63.1,63.8,44200
2014-02-10,63.5,64.2,62.5,64.2,40100
2014-02-11,64.4,65.8,64.0,65.4,22600
2014-02-12,65.4,66.3,64.1,64.5,36300
2014-02-13,63.7,65.7,63.6,64.8,48900
2014-02-14,64.8,65.8,64.1,64.8,34300
2014-02-18,65.0,69.0,65.0,67.9,50700
2014-02-19,67.4,69.5,66.3,67.8,60400
2014-02-20,67.4,69.8,67.4,69.2,36300
2014-02-21,69.4,69.4,65.8,67.4,44000
2014-02-24,67.8,69.9,67.7,68.5,29400
2014-02-25,68.2,68.3,66.2,66.9,20100
2014-02-26,67.2,67.3,65.3,66.4,16400
2014-02-27,66.5,67.9,65.5,66.4,32100
2014-02-28,66.1,68.6,65.7,67.7,22400
2014-03-03,67.2,70.0,67.2,69.8,36700
2014-03-04,70.0,74.4,69.8,73.0,91900
2014-03-05,73.2,74.0,71.0,71.5,43200
2014-03-06,71.9,72.3,71.0,71.4,18700
2014-03-07,75.6,79.5,74.5,77.3,110300
2014-03-10,79.4,79.5,72.0,73.5,106900
2014-03-11,73.7,75.0,70.6,71.0,57900
2014-03-12,70.8,74.7,70.3,73.0,47600
2014-03-13,76.1,86.0,75.8,79.9,212700
2014-03-14,83.1,87.0,81.2,86.1,130100
2014-03-17,87.0,90.0,83.0,83.7,100800
2014-03-18,83.6,87.8,83.3,87.6,64100
2014-03-19,87.5,89.5,84.1,84.8,97900
2014-03-20,80.4,84.8,80.0,82.1,91500
2014-03-21,82.3,85.5,82.3,84.6,83900
2014-03-24,85.0,86.1,80.8,83.0,68700
2014-03-25,83.7,85.5,82.9,83.2,52100
2014-03-26,84.0,84.4,80.9,81.3,37300
2014-03-27,81.0,83.4,80.2,82.9,40000
2014-03-28,83.0,84.4,82.4,83.5,54800
2014-03-31,84.2,84.8,83.1,83.7,53900
2014-04-01,84.0,84.8,82.8,83.5,34300
2014-04-02,83.7,85.5,83.3,85.0,61100
2014-04-03,85.1,88.0,85.1,86.1,53500
2014-04-04,86.8,87.8,84.1,86.7,55000
2014-04-07,85.8,86.6,81.5,83.0,41700
2014-04-08,83.1,85.6,82.5,84.7,37900
2014-04-09,85.4,86.0,83.3,84.9,29100
2014-04-10,85.9,88.7,84.3,85.1,64400
2014-04-11,84.8,88.5,84.4,87.5,90500
2014-04-14,88.4,93.0,87.0,89.8,81300
2014-04-15,90.0,92.8,88.6,90.7,110200
2014-04-16,91.3,95.4,90.1,92.8,100300
2014-04-17,93.1,96.2,93.1,95.2,64100
2014-04-21,95.9,96.4,91.2,95.7,76000
2014-04-22,95.4,95.4,90.0,91.3,75200
2014-04-23,91.5,98.4,90.7,95.6,93700
2014-04-24,96.0,98.2,94.0,96.1,52100
2014-04-25,95.4,95.9,92.8,92.9,64800
2014-04-28,93.6,94.1,87.2,89.4,74500
2014-04-29,90.3,94.1,90.3,91.5,36900
2014-04-30,90.8,92.9,88.3,91.8,52100
2014-05-01,91.4,91.9,88.8,90.9,50000
2014-05-02,91.3,93.4,90.6,93.1,31400
2014-05-05,92.4,93.8,90.8,93.1,33900
2014-05-06,92.4,94.6,90.9,91.1,34900
2014-05-07,92.3,92.7,88.4,91.5,38300
2014-05-08,91.0,92.6,87.4,89.0,83900
2014-05-09,93.1,99.8,92.7,94.7,144000
2014-05-12,99.0,103.3,96.3,101.7,161200
2014-05-13,103.9,104.3,100.7,101.9,127100
2014-05-14,101.5,103.1,99.3,99.6,74100
2014-05-15,99.0,99.4,95.6,98.7,57200
2014-05-16,98.4,99.4,96.4,97.5,64400
2014-05-19,97.6,102.7,97.6,100.5,66100
2014-05-20,100.7,100.9,97.2,98.5,72400
2014-05-21,101.4,105.2,100.6,103.6,108900
2014-05-22,104.5,107.7,103.7,104.5,78500
2014-05-23,104.7,107.2,101.7,101.9,49000
2014-05-27,102.7,104.1,100.1,101.1,44600
2014-05-28,101.0,102.2,98.7,101.5,39000
2014-05-29,102.2,105.1,100.7,104.6,46300
2014-05-30,107.5,107.5,104.5,105.5,60900
2014-06-02,105.7,107.0,103.0,105.2,72300
2014-06-03,104.9,106.2,103.6,105.5,42800
2014-06-04,104.9,105.0,101.7,103.3,70900
2014-06-05,103.9,104.9,101.4,104.5,62000
2014-06-06,104.4,106.3,104.1,105.4,45200
2014-06-09,109.1,111.9,108.2,109.4,102200
2014-06-10,109.1,110.4,105.6,107.7,60600
2014-06-11,108.4,109.6,106.1,109.6,88700
2014-06-12,109.7,112.4,106.0,108.1,79700
2014-06-13,108.5,108.5,102.4,105.4,126900
2014-06-16,105.7,107.2,103.7,105.6,60600
2014-06-17,105.2,107.5,104.3,106.8,51200
2014-06-18,106.5,111.2,106.5,111.1,88900
2014-06-19,111.7,111.7,108.8,111.2,85300
2014-06-20,111.9,113.8,108.6,113.5,787100
2014-06-23,112.4,115.4,109.7,114.4,103100
2014-06-24,114.4,115.7,107.9,108.0,109300
2014-06-25,107.1,112.7,107.0,111.6,86400
2014-06-26,111.6,111.8,109.1,110.7,64900
2014-06-27,110.5,113.4,110.0,113.4,77900
2014-06-30,113.5,117.5,112.1,116.5,107000
2014-07-01,118.2,120.0,116.5,119.4,127900
2014-07-02,120.0,120.9,113.3,117.4,120100
2014-07-03,117.7,119.0,116.3,117.9,38900
2014-07-07,118.9,119.5,115.2,115.3,60700
2014-07-08,115.2,117.1,112.4,116.6,76400
2014-07-09,116.3,119.5,115.4,119.0,68100
2014-07-10,117.0,118.2,114.2,116.4,77700
2014-07-11,116.4,117.2,109.1,109.4,107800
2014-07-14,110.5,114.0,110.1,113.1,59500
2014-07-15,112.7,113.0,105.6,106.0,112100
2014-07-16,107.1,112.2,107.1,110.9,89800
2014-07-17,110.7,112.3,107.6,108.1,58000
2014-07-18,108.0,112.4,107.1,111.7,61600
2014-07-21,111.7,112.7,109.0,111.5,65400
2014-07-22,111.8,115.7,110.8,115.0,70100
2014-07-23,115.6,116.8,112.9,116.7,74000
2014-07-24,117.0,117.4,113.3,114.3,78900
2014-07-25,113.3,113.9,109.3,110.1,89100
2014-07-28,110.0,110.8,105.9,106.5,86500
2014-07-29,107.4,111.1,105.5,107.9,80000
2014-07-30,108.9,110.0,106.0,108.2,79100
2014-07-31,106.7,106.8,98.3,98.8,140500
2014-08-01,98.1,99.7,94.0,96.3,134200
2014-08-04,96.5,102.1,96.5,101.4,81500
2014-08-05,101.0,101.2,93.0,93.3,148900
2014-08-06,92.7,96.8,91.9,94.5,100000
2014-08-07,90.5,94.5,84.6,91.2,257000
2014-08-08,91.8,103.0,91.3,102.6,126700
2014-08-11,103.4,106.1,99.5,99.7,122600
2014-08-12,99.8,100.4,96.0,96.3,79700
2014-08-13,97.0,100.8,96.8,99.1,85500
2014-08-14,99.0,99.4,92.0,92.7,134800
2014-08-15,93.9,96.3,92.8,95.9,62500
2014-08-18,96.8,96.8,90.5,93.1,83200
2014-08-19,93.3,94.9,92.6,93.4,42400
2014-08-20,93.3,95.7,92.0,95.1,66200
2014-08-21,95.0,97.8,92.1,96.9,76600
2014-08-22,96.1,98.0,93.9,97.6,73300
2014-08-25,98.0,103.3,97.8,102.2,98700
2014-08-26,102.9,104.4,101.9,103.1,79000
2014-08-27,103.5,105.4,101.3,103.2,50300
2014-08-28,103.1,104.0,101.5,103.9,38200
2014-08-29,104.6,107.4,103.3,107.3,78700
2014-09-02,110.3,110.5,102.4,103.9,141400
2014-09-03,107.2,109.5,104.5,108.0,130100
2014-09-04,108.6,108.9,99.8,100.9,129700
2014-09-05,100.6,103.7,99.9,100.6,112600
2014-09-08,96.0,96.2,91.1,93.0,186000
2014-09-09,93.0,96.2,90.2,91.4,202100
2014-09-10,93.8,95.3,92.0,92.1,1001200
2014-09-11,92.3,96.0,90.6,94.1,250600
2014-09-12,95.1,95.4,91.9,93.6,165100
2014-09-15,93.2,93.2,90.7,92.9,129800
2014-09-16,92.3,95.4,91.9,93.8,130900
2014-09-17,93.6,95.7,93.3,95.0,148000
2014-09-18,96.0,96.1,92.3,92.6,149300
2014-09-19,93.6,94.0,91.3,92.2,153000
2014-09-22,91.1,91.4,89.7,90.3,119600
2014-09-23,90.0,94.2,89.7,92.2,115300
2014-09-24,92.3,94.2,89.6,92.5,134900
2014-09-25,91.8,92.4,87.8,87.9,172400
2014-09-26,88.3,90.7,86.9,90.7,170700
2014-09-29,91.4,94.7,90.0,93.9,192300
2014-09-30,93.8,93.9,87.5,88.1,283500
2014-10-01,88.6,89.9,85.0,85.8,168000
2014-10-02,84.9,84.9,77.7,84.4,281900
2014-10-03,84.3,84.7,81.0,81.0,80400
2014-10-06,81.1,82.2,75.3,75.7,244700
2014-10-07,74.3,77.8,73.6,75.3,187000
2014-10-08,74.4,77.5,72.3,77.3,280600
2014-10-09,76.1,76.1,70.2,70.9,153900
2014-10-10,70.3,71.7,66.4,66.9,256300
2014-10-13,65.7,68.5,56.0,56.1,400000
2014-10-14,59.0,60.0,51.3,51.8,368800
2014-10-15,51.1,55.0,47.7,54.8,411800
2014-10-16,52.4,63.8,51.5,60.2,369500
2014-10-17,63.5,69.8,58.8,59.5,325800
2014-10-20,58.7,62.2,56.7,59.5,234200
2014-10-21,59.5,64.9,59.0,62.9,240100
2014-10-22,63.3,65.2,59.5,59.7,321600
2014-10-23,60.2,64.6,59.1,62.7,182100
2014-10-24,62.1,63.3,60.2,63.1,145200
2014-10-27,60.6,62.0,58.6,59.6,238500
2014-10-28,59.6,63.7,59.5,63.2,169200
2014-10-29,63.5,68.1,63.1,66.4,206700
2014-10-30,64.9,65.9,61.0,63.0,168800
2014-10-31,63.0,65.9,58.0,65.6,246900
2014-11-03,65.6,68.3,62.2,62.5,195000
2014-11-04,60.5,61.3,58.0,58.6,219200
2014-11-05,59.5,63.1,58.7,62.0,149700
2014-11-06,60.9,62.0,56.7,61.0,272500
2014-11-07,61.5,66.8,60.4,66.4,202600
2014-11-10,63.5,67.1,60.2,60.6,224900
2014-11-11,60.6,62.1,58.9,61.3,127700
2014-11-12,60.2,63.5,59.7,62.3,149900
2014-11-13,61.3,62.0,59.0,60.4,192700
2014-11-14,60.4,63.0,59.5,62.6,141300
2014-11-17,61.6,62.1,59.0,60.5,168900
2014-11-18,60.0,62.3,58.6,60.1,141700
2014-11-19,60.6,61.0,57.9,58.9,274600
2014-11-20,59.1,65.3,58.9,64.8,196000
2014-11-21,66.8,69.7,65.2,67.2,196600
2014-11-24,66.4,67.8,63.8,65.7,119300
2014-11-25,65.5,66.6,61.7,63.2,169000
2014-11-26,61.8,61.9,60.1,60.3,104000
2014-11-28,56.0,56.0,46.4,49.1,278900
2014-12-01,46.3,48.2,41.2,44.1,407700
2014-12-02,46.8,50.0,44.3,48.2,225500
2014-12-03,49.0,51.8,48.0,51.5,233000
2014-12-04,50.3,51.1,47.0,47.8,196000
2014-12-05,47.0,50.0,46.5,47.3,156600
2014-12-08,46.7,46.7,41.0,41.4,190500
2014-12-09,41.4,46.0,40.9,45.9,177700
2014-12-10,43.9,46.0,41.8,43.8,203500
2014-12-11,43.8,47.2,42.3,42.7,143800
2014-12-12,42.1,47.3,42.1,45.4,186300
2014-12-15,45.0,46.3,42.1,42.7,198500
2014-12-16,42.0,48.5,42.0,45.2,218900
2014-12-17,47.3,54.4,45.8,52.3,301000
2014-12-18,54.2,56.9,51.3,53.3,256300
2014-12-19,53.8,58.6,52.9,56.9,528300
2014-12-22,55.3,55.5,51.4,52.7,175700
2014-12-23,54.4,55.4,52.5,53.7,140700
2014-12-24,53.0,54.1,50.8,53.9,88100
2014-12-26,54.5,56.2,53.3,55.0,155400
2014-12-29,55.6,57.2,54.3,56.3,132800
2014-12-30,54.4,55.7,52.9,53.7,154300
2014-12-31,52.6,55.8,51.3,54.5,151800
2015-01-02,54.9,55.6,51.5,53.8,106800
2015-01-05,52.3,53.2,50.0,50.2,165000
2015-01-06,49.8,52.2,48.5,50.2,256700
2015-01-07,51.2,52.0,48.2,50.1,151100
2015-01-08,51.2,53.2,50.0,52.2,196000
2015-01-09,52.0,53.1,50.5,52.1,84700
2015-01-12,50.7,50.7,47.4,47.8,132100
2015-01-13,47.7,49.2,46.6,48.3,106400
2015-01-14,47.6,53.0,47.6,52.8,190400
2015-01-15,54.2,55.7,49.8,50.6,137800
2015-01-16,50.9,55.0,50.9,53.7,129100
2015-01-20,52.2,52.2,48.8,50.5,160100
2015-01-21,51.5,54.1,50.5,53.5,171000
2015-01-22,54.0,55.0,52.3,54.8,94100
2015-01-23,54.9,57.7,53.2,56.5,130200
2015-01-26,54.9,58.9,54.6,58.0,154600
2015-01-27,57.1,59.6,56.4,58.6,80900
2015-01-28,56.9,59.0,52.7,53.4,130500
2015-01-29,54.0,54.3,51.3,53.9,73900
2015-01-30,53.0,55.6,51.5,54.5,176300
2015-02-02,55.2,58.2,54.9,57.5,142300
2015-02-03,58.5,64.1,58.5,62.6,247100
2015-02-04,60.3,63.5,59.3,62.4,163200
2015-02-05,64.0,73.9,63.8,72.0,361000
2015-02-06,72.9,78.4,70.5,71.0,240700
2015-02-09,72.2,75.4,70.5,71.3,193500
2015-02-10,71.4,72.2,68.3,69.5,214900
2015-02-11,67.8,73.2,66.3,70.9,148600
2015-02-12,72.2,73.3,70.1,71.0,119000
2015-02-13,72.5,74.8,71.8,73.7,191600
2015-02-17,73.9,76.8,71.6,75.3,160800
2015-02-18,73.7,77.6,73.0,74.0,123700
2015-02-19,71.2,76.6,70.6,73.5,142400
2015-02-20,73.6,75.3,73.0,73.7,103400
2015-02-23,72.2,74.4,70.3,72.6,137400
2015-02-24,73.6,74.4,71.6,72.3,100400
2015-02-25,72.5,74.9,71.8,73.9,135000
2015-02-26,72.2,75.8,72.2,74.0,91200
2015-02-27,74.6,75.2,72.0,73.2,80200
2015-03-02,72.8,74.1,71.5,73.2,95700
2015-03-03,73.6,74.9,72.1,72.5,104700
2015-03-04,72.6,75.4,71.1,74.5,126400
2015-03-05,70.9,73.2,65.1,71.6,326700
2015-03-06,72.0,75.4,70.5,73.0,125900
2015-03-09,72.9,74.9,70.2,70.4,170300
2015-03-10,65.3,65.9,61.2,61.8,1080300
2015-03-11,63.0,65.3,61.6,65.0,374600
2015-03-12,65.3,66.4,64.4,65.7,252800
2015-03-13,64.4,68.8,63.9,68.7,227000
2015-03-16,66.3,66.9,63.6,65.7,195600
2015-03-17,64.4,66.6,62.9,65.7,150700
2015-03-18,64.3,70.3,63.7,69.3,296200
2015-03-19,67.7,69.0,66.0,68.3,119400
2015-03-20,69.3,70.7,66.4,68.9,598600
2015-03-23,69.9,77.7,68.9,72.9,350200
2015-03-24,72.8,76.7,71.3,76.3,204800
2015-03-25,77.1,78.9,74.1,76.6,207400
2015-03-26,79.7,81.5,77.2,79.3,230400
2015-03-27,78.0,78.9,75.7,76.1,178600
2015-03-30,76.5,77.5,70.6,74.3,246700
2015-03-31,72.3,77.2,71.0,74.7,201200
2015-04-01,75.9,80.5,75.4,77.9,209200
2015-04-02,77.5,81.6,76.2,80.9,229200
2015-04-06,81.7,83.1,79.6,81.5,200400
2015-04-07,81.5,85.8,80.3,82.1,194900
2015-04-08,82.1,83.4,77.2,77.4,249500
2015-04-09,79.5,82.9,78.6,81.1,158300
2015-04-10,81.7,82.6,79.6,81.9,163600
2015-04-13,82.5,83.8,80.7,82.0,96500
2015-04-14,82.9,88.1,81.8,86.1,222900
2015-04-15,88.0,93.7,87.1,91.1,299900
2015-04-16,90.5,94.0,88.1,90.8,223600
2015-04-17,89.3,90.8,86.8,87.4,172200
2015-04-20,90.1,93.4,89.6,90.7,201100
2015-04-21,90.7,91.3,84.7,85.0,227600
2015-04-22,85.4,89.2,84.2,86.2,189400
2015-04-23,89.0,91.0,86.8,87.4,179700
2015-04-24,87.3,89.4,85.2,88.2,184900
2015-04-27,88.7,89.5,84.5,85.3,164700
2015-04-28,86.4,86.6,83.2,85.8,159700
2015-04-29,85.2,91.0,83.3,87.9,223900
2015-04-30,88.2,90.0,85.8,89.4,241200
2015-05-01,86.6,89.9,86.4,87.8,178000
2015-05-04,87.5,89.5,84.6,85.4,205300
2015-05-05,87.1,88.7,80.2,81.1,283600
2015-05-06,82.8,83.7,77.1,79.0,291100
2015-05-07,79.5,79.9,73.5,75.4,443400
2015-05-08,77.8,80.7,74.0,80.1,299200
2015-05-11,81.4,83.2,78.9,81.4,246700
2015-05-12,80.1,84.7,80.1,84.2,194200
2015-05-13,85.2,85.6,82.8,83.5,132000
2015-05-14,83.9,86.0,81.7,82.1,148300
2015-05-15,81.7,83.5,79.0,82.4,144000
2015-05-18,82.5,84.6,81.2,84.4,132100
2015-05-19,82.5,83.6,78.2,80.7,223100
2015-05-20,81.0,81.6,78.5,80.1,127700
2015-05-21,80.2,84.0,79.4,82.8,145600
2015-05-22,81.3,84.3,80.4,82.9,149200
2015-05-26,81.4,82.6,77.2,78.4,216600
2015-05-27,77.1,79.4,76.5,78.8,133100
2015-05-28,77.7,78.6,75.6,77.3,198700
2015-05-29,77.5,80.3,77.0,78.6,193300
2015-06-01,78.4,79.3,76.2,78.1,116900
2015-06-02,78.5,82.2,78.1,80.1,140900
2015-06-03,79.5,82.7,77.9,79.9,182100
2015-06-04,78.9,79.4,77.0,78.3,106900
2015-06-05,77.8,82.8,77.1,81.9,191400
2015-06-08,81.5,83.9,80.7,82.0,142400
2015-06-09,82.8,84.8,82.7,83.7,140800
2015-06-10,85.1,87.0,84.5,85.6,182200
2015-06-11,86.2,86.5,82.9,83.0,134400
2015-06-12,82.2,83.1,81.2,82.8,127500
2015-06-15,81.9,84.5,80.9,81.3,147000
2015-06-16,81.4,85.2,81.2,85.0,143600
2015-06-17,86.0,87.2,83.0,84.1,119700
2015-06-18,84.7,85.0,82.3,82.7,101900
2015-06-19,82.6,83.3,81.4,82.0,182200
2015-06-22,82.5,84.0,81.1,83.0,88900
2015-06-23,82.7,84.5,82.3,84.3,123100
2015-06-24,83.8,84.9,81.7,82.6,105800
2015-06-25,84.4,87.1,84.1,85.0,147800
2015-06-26,84.9,85.7,83.3,85.0,198200
2015-06-29,83.7,85.0,82.2,82.4,123000
2015-06-30,83.2,84.0,82.1,83.2,146100
2015-07-01,83.5,84.0,75.7,76.0,163700
2015-07-02,76.2,77.6,73.3,73.5,151300
2015-07-06,71.3,72.8,69.1,69.6,200400
2015-07-07,69.6,77.6,66.6,75.9,293000
2015-07-08,74.6,75.7,69.3,71.3,188000
2015-07-09,73.3,75.5,72.6,73.8,176700
2015-07-10,74.3,76.3,71.4,72.0,124100
2015-07-13,71.4,73.9,68.2,73.2,152600
2015-07-14,74.0,79.3,73.2,77.9,161900
2015-07-15,76.8,79.2,72.5,72.9,172900
2015-07-16,73.8,74.4,70.4,70.8,131700
2015-07-17,70.9,70.9,68.2,69.7,152300
2015-07-20,69.5,69.6,66.9,68.4,199800
2015-07-21,68.2,72.5,67.6,68.8,185600
2015-07-22,66.7,68.4,63.7,67.0,285300
2015-07-23,67.5,69.9,65.5,67.7,137000
2015-07-24,67.2,68.1,62.6,64.1,189300
2015-07-27,62.5,64.0,60.6,61.7,170900
2015-07-28,62.0,66.5,60.8,64.9,183500
2015-07-29,64.9,70.8,63.8,68.6,198700
2015-07-30,67.6,69.4,66.2,67.7,222200
2015-07-31,67.1,67.5,65.0,65.4,175700
2015-08-03,64.8,65.0,60.3,62.7,259200
2015-08-04,63.2,66.3,62.2,63.6,170000
2015-08-05,65.3,66.6,62.2,63.5,212300
2015-08-06,64.1,76.3,63.6,75.0,331800
2015-08-07,72.3,78.6,72.2,75.1,296900
2015-08-10,75.5,84.4,74.6,84.3,251400
2015-08-11,82.5,86.5,79.5,82.4,311500
2015-08-12,81.9,88.3,81.6,87.6,252300
2015-08-13,86.3,87.2,83.2,84.6,160400
2015-08-14,85.3,87.5,82.8,85.4,127500
2015-08-17,85.9,87.9,84.0,86.6,125100
2015-08-18,86.9,87.9,84.7,87.4,97500
2015-08-19,87.2,88.0,80.2,83.7,135300
2015-08-20,83.6,86.5,82.0,82.8,164800
2015-08-21,80.2,85.6,80.2,82.7,213500
2015-08-24,79.1,83.9,75.6,76.3,234600
2015-08-25,79.6,81.0,74.1,74.5,183000
2015-08-26,76.1,78.3,73.8,78.0,169200
2015-08-27,80.6,87.7,80.5,86.0,251500
2015-08-28,84.7,95.1,84.1,89.1,341800
2015-08-31,86.2,94.0,83.9,91.7,301400
2015-09-01,87.5,91.0,84.9,87.3,264900
2015-09-02,89.6,91.0,84.7,89.8,194500
2015-09-03,89.7,94.4,89.0,91.2,180000
2015-09-04,90.5,91.3,88.1,90.5,168300
2015-09-08,86.1,92.0,85.4,90.0,282000
2015-09-09,90.2,92.2,81.3,81.6,226400
2015-09-10,82.2,86.8,80.6,85.2,277300
2015-09-11,83.6,86.7,82.0,85.8,214400
2015-09-14,85.0,86.4,81.4,82.8,133100
2015-09-15,83.0,86.2,82.5,85.5,115600
2015-09-16,87.9,94.0,87.6,92.4,283300
2015-09-17,92.8,96.5,91.4,92.2,226500
2015-09-18,89.6,92.4,86.5,87.1,424400
2015-09-21,88.6,90.2,82.7,84.3,219000
2015-09-22,82.3,85.6,80.8,81.9,142200
2015-09-23,82.2,83.6,76.7,77.1,170400
2015-09-24,76.6,78.1,74.6,75.8,225600
2015-09-25,76.9,78.3,71.0,72.1,250300
2015-09-28,70.2,71.2,67.5,67.6,347900
2015-09-29,68.0,70.9,66.9,68.3,248600
2015-09-30,68.6,73.0,67.8,72.9,369300
2015-10-01,74.6,79.6,73.6,76.9,318800
2015-10-02,75.3,84.9,73.5,84.5,405800
2015-10-05,85.6,88.8,82.6,85.9,399200
2015-10-06,86.6,92.9,85.7,90.5,349500
2015-10-07,93.0,94.0,86.0,89.7,312100
2015-10-08,89.0,93.7,86.8,92.2,289800
2015-10-09,94.0,94.0,87.2,88.6,377500
2015-10-12,88.3,89.6,82.0,83.9,254800
2015-10-13,84.1,89.0,82.6,84.5,287600
2015-10-14,83.9,87.8,82.5,86.5,292400
2015-10-15,83.9,88.5,83.3,87.4,241200
2015-10-16,87.9,88.6,83.8,87.6,181700
2015-10-19,82.8,85.9,80.6,81.4,205300
2015-10-20,83.6,85.1,80.5,84.3,252700
2015-10-21,82.4,86.9,80.1,83.4,293800
2015-10-22,84.8,87.4,83.4,86.5,315800
2015-10-23,84.8,88.9,82.3,83.5,291400
2015-10-26,83.0,85.2,81.3,84.3,173500
2015-10-27,79.2,82.2,79.2,81.6,203300
2015-10-28,81.2,88.0,78.9,85.4,250300
2015-10-29,84.9,88.8,84.2,84.6,231600
2015-10-30,85.6,87.6,82.8,86.8,173700
2015-11-02,86.1,90.2,83.8,88.9,249300
2015-11-03,90.0,93.5,87.4,91.7,356200
2015-11-04,91.7,93.3,88.8,90.7,175700
2015-11-05,89.6,93.0,83.5,88.5,324300
2015-11-06,89.1,91.2,87.0,88.3,182900
2015-11-09,90.0,93.7,87.7,91.5,249700
2015-11-10,87.4,89.1,85.0,88.9,1816600
2015-11-11,89.1,91.7,87.8,91.5,604500
2015-11-12,89.4,90.9,85.7,87.9,376300
2015-11-13,87.2,90.6,87.2,89.8,310000
2015-11-16,89.0,92.5,88.2,91.7,294700
2015-11-17,91.6,92.5,88.8,91.0,174000
2015-11-18,92.7,93.5,88.9,93.2,238500
2015-11-19,92.1,95.4,89.3,93.0,247800
2015-11-20,93.6,95.7,91.7,92.0,186100
2015-11-23,92.1,94.5,89.4,92.6,212700
2015-11-24,93.7,101.8,93.7,100.1,339700
2015-11-25,98.5,101.6,94.9,99.4,179100
2015-11-27,95.0,98.0,93.0,94.2,112100
2015-11-30,96.7,98.6,94.1,94.9,168900
2015-12-01,94.7,96.4,93.8,94.7,136100
2015-12-02,94.5,95.4,89.7,91.0,268400
2015-12-03,92.5,94.1,90.9,91.6,204800
2015-12-04,89.3,91.2,86.3,90.6,243600
2015-12-07,86.9,87.1,83.4,84.4,271400
2015-12-08,82.7,86.7,81.7,86.2,178600
2015-12-09,86.9,90.9,85.6,88.3,212100
2015-12-10,87.5,93.2,86.9,90.0,315000
2015-12-11,88.1,89.2,86.7,87.5,192300
2015-12-14,85.4,89.0,85.4,87.4,195400
2015-12-15,89.7,91.6,88.7,90.9,267200
2015-12-16,90.9,91.0,86.6,87.6,245900
2015-12-17,88.7,88.7,76.8,79.4,281300
2015-12-18,78.9,81.6,76.8,77.3,498100
2015-12-21,77.0,78.5,68.7,74.2,429300
2015-12-22,74.1,79.0,73.1,78.7,274000
2015-12-23,80.0,84.8,78.9,84.7,205000
2015-12-24,84.9,85.1,80.9,83.6,93100
2015-12-28,82.2,82.7,78.3,79.6,118200
2015-12-29,82.1,82.6,79.4,81.4,109700
2015-12-30,78.5,82.8,78.0,79.2,139800
2015-12-31,78.7,84.3,78.7,83.4,140300
2016-01-04,83.5,85.6,79.6,81.0,218700
2016-01-05,80.1,80.3,76.5,79.1,188300
2016-01-06,76.5,77.1,73.4,73.8,199700
2016-01-07,71.3,73.2,70.0,70.4,213800
2016-01-08,71.1,73.8,68.7,72.6,216000
2016-01-11,73.2,73.2,61.8,63.3,402900
2016-01-12,68.7,71.1,61.0,64.4,216200
2016-01-13,64.4,66.7,59.3,59.8,284200
2016-01-14,60.5,63.8,58.4,63.2,229900
2016-01-15,59.1,61.2,56.9,60.9,181400
2016-01-19,61.6,61.7,52.1,53.1,193200
2016-01-20,50.8,53.7,42.1,52.3,664100
2016-01-21,51.2,56.9,49.9,56.6,426300
2016-01-22,58.8,61.7,57.2,58.1,457900
2016-01-25,55.9,58.8,54.6,54.7,174700
2016-01-26,57.1,59.0,55.3,58.9,252800
2016-01-27,57.0,61.9,56.8,59.1,217600
2016-01-28,63.2,66.6,61.7,65.7,224100
2016-01-29,65.9,70.0,65.9,68.5,269000
2016-02-01,66.1,71.0,64.9,69.1,314800
2016-02-02,66.2,69.9,65.0,69.4,297400
2016-02-03,70.1,73.0,65.8,73.0,248100
2016-02-04,73.5,76.2,66.8,68.1,327100
2016-02-05,67.5,67.5,62.5,63.8,298700
2016-02-08,61.8,63.1,57.2,62.7,220200
2016-02-09,60.2,62.1,57.5,60.4,212300
2016-02-10,59.6,65.5,58.4,61.4,130800
2016-02-11,59.4,63.1,57.6,61.2,282100
2016-02-12,64.1,65.1,60.0,63.0,117800
2016-02-16,65.0,65.0,57.8,60.9,219900
2016-02-17,62.2,64.3,59.2,63.4,326100
2016-02-18,64.7,64.7,60.0,60.8,175100
2016-02-19,59.7,63.5,58.2,63.5,231400
2016-02-22,65.2,66.7,62.9,63.9,229800
2016-02-23,62.7,62.7,57.5,59.1,232700
2016-02-24,57.9,60.6,57.0,59.6,142600
2016-02-25,59.3,61.7,57.4,60.3,180700
2016-02-26,62.5,64.1,60.5,60.6,210300
2016-02-29,61.2,65.5,59.7,63.8,329000
2016-03-01,64.1,66.0,60.0,65.7,224500
2016-03-02,64.8,66.9,63.1,66.6,200200
2016-03-03,68.0,74.8,66.8,68.4,513300
2016-03-04,68.4,79.4,68.4,73.3,2318100
2016-03-07,73.4,78.7,71.5,78.0,507300
2016-03-08,76.9,77.7,71.1,72.9,466300
2016-03-09,75.1,77.9,72.5,76.2,565700
2016-03-10,74.2,77.5,72.7,76.2,367900
2016-03-11,77.8,81.5,77.7,80.1,389700
2016-03-14,78.5,81.0,77.4,80.0,317100
2016-03-15,78.3,80.2,77.3,80.0,206700
2016-03-16,80.8,84.2,80.2,83.3,249200
2016-03-17,84.4,87.8,82.2,86.0,302900
2016-03-18,86.4,88.9,84.4,86.3,408300
2016-03-21,85.9,88.8,84.6,86.5,306700
2016-03-22,85.1,87.5,85.1,86.5,198200
2016-03-23,85.0,86.5,81.3,81.8,252700
2016-03-24,79.9,84.8,78.5,83.8,277700
2016-03-28,84.1,85.4,80.5,83.4,179400
2016-03-29,80.9,85.9,80.6,85.9,314500
2016-03-30,88.4,90.5,85.8,86.9,347700
2016-03-31,86.7,89.5,86.3,88.5,443100
2016-04-01,86.1,88.7,84.3,88.2,235900
2016-04-04,88.3,89.3,85.8,86.9,254600
2016-04-05,86.2,87.9,84.5,85.5,213200
2016-04-06,86.9,89.7,86.1,89.2,207200
2016-04-07,88.2,89.1,86.6,87.8,195900
2016-04-08,90.3,93.0,89.7,91.7,236600
2016-04-11,92.9,93.5,91.5,92.1,171800
2016-04-12,92.8,95.8,90.8,93.8,245200
2016-04-13,93.9,93.9,89.8,90.2,239700
2016-04-14,90.3,91.9,87.5,88.2,313200
2016-04-15,87.5,88.6,84.4,85.0,350600
2016-04-18,82.1,88.6,81.5,87.3,334000
2016-04-19,87.3,90.9,85.3,89.2,306500
2016-04-20,92.5,101.4,90.5,100.0,3782900
2016-04-21,99.9,102.8,96.9,99.1,648900
2016-04-22,98.9,104.8,98.9,104.1,639800
2016-04-25,105.1,105.7,101.5,103.1,466000
2016-04-26,104.3,110.0,103.9,109.9,500300
2016-04-27,111.2,112.8,107.1,109.5,572100
2016-04-28,109.5,111.8,105.7,105.8,390300
2016-04-29,107.2,109.4,101.2,105.1,880500
2016-05-02,106.3,108.7,101.9,108.3,548200
2016-05-03,105.5,106.7,101.0,103.5,342700
2016-05-04,104.2,107.0,100.2,101.5,383600
2016-05-05,108.2,109.3,102.2,107.4,486400
2016-05-06,106.6,109.9,103.4,103.8,264500
2016-05-09,103.1,105.1,100.2,103.8,334200
2016-05-10,104.7,107.0,104.0,107.0,203600
2016-05-11,107.0,112.8,105.4,109.5,281400
2016-05-12,110.9,112.7,108.7,110.6,268200
2016-05-13,109.8,111.3,107.5,108.1,263800
2016-05-16,112.6,116.0,112.6,113.1,281100
2016-05-17,113.8,118.1,113.2,117.2,345700
2016-05-18,117.4,119.3,112.5,113.8,289000
2016-05-19,112.0,113.2,109.1,112.3,311400
2016-05-20,113.0,113.8,109.9,113.0,165800
2016-05-23,111.7,112.7,109.5,111.5,195800
2016-05-24,113.6,115.4,110.1,111.2,363600
2016-05-25,113.1,114.3,111.0,114.1,385000
2016-05-26,115.7,120.0,115.7,117.4,484000
2016-05-27,116.5,117.2,112.1,114.7,279700
2016-05-31,115.2,117.7,113.8,113.9,271800
2016-06-01,111.9,114.5,109.3,114.2,278500
2016-06-02,111.7,114.4,111.0,113.8,139500
2016-06-03,114.0,115.1,111.6,112.9,163500
2016-06-06,115.3,116.8,113.0,115.3,223200
2016-06-07,116.8,122.4,116.4,120.8,280000
2016-06-08,122.2,125.6,121.5,123.1,304900
2016-06-09,121.1,123.6,119.9,122.5,194100
2016-06-10,119.5,121.7,118.1,119.5,294500
2016-06-13,116.8,119.8,115.3,117.0,274900
2016-06-14,116.6,119.4,115.0,119.2,227700
2016-06-15,117.9,119.4,114.4,117.1,230600
2016-06-16,114.7,116.2,112.9,114.5,309300
2016-06-17,115.9,120.4,115.5,117.2,503500
2016-06-20,118.4,120.7,116.8,117.0,234300
2016-06-21,114.1,117.6,113.1,117.2,262900
2016-06-22,118.8,119.8,116.1,117.2,186100
2016-06-23,119.5,119.8,116.1,118.7,200000
2016-06-24,110.8,115.5,109.4,110.2,663200
2016-06-27,108.7,110.9,103.4,103.7,453000
2016-06-28,106.9,111.5,105.5,110.4,393800
2016-06-29,112.2,117.1,111.2,117.0,369600
2016-06-30,116.7,116.7,111.5,112.3,581200
2016-07-01,112.6,117.0,111.7,116.6,327900
2016-07-05,111.4,115.8,111.0,115.6,340000
2016-07-06,114.0,116.8,113.2,115.1,203700
2016-07-07,119.5,119.9,111.6,113.2,258800
2016-07-08,114.6,118.2,111.9,117.3,417000
2016-07-11,119.5,120.6,117.7,118.1,282100
2016-07-12,120.7,124.7,120.7,123.1,394100
2016-07-13,122.8,124.2,118.0,119.0,309200
2016-07-14,119.0,122.1,117.2,118.1,259300
2016-07-15,119.3,119.4,116.6,118.4,174100
2016-07-18,116.7,117.8,114.5,116.5,207300
2016-07-19,115.9,117.0,114.5,115.1,195800
2016-07-20,113.3,119.0,112.0,118.7,280000
2016-07-21,118.9,120.2,112.3,113.1,267600
2016-07-22,113.9,114.9,112.5,112.9,230200
2016-07-25,111.8,112.2,108.8,109.2,328900
2016-07-26,107.8,111.8,106.9,110.5,364200
2016-07-27,111.7,113.7,108.2,109.1,365500
2016-07-28,108.0,111.4,108.0,111.0,223300
2016-07-29,109.3,113.9,108.7,113.9,271200
2016-08-01,112.7,114.0,105.6,105.6,314800
2016-08-02,107.7,108.4,103.4,107.1,285900
2016-08-03,107.5,114.4,106.3,114.3,457200
2016-08-04,113.1,118.7,112.2,116.7,329400
2016-08-05,116.9,122.5,115.3,120.1,385000
2016-08-08,123.0,125.7,122.2,124.2,446000
2016-08-09,125.4,132.3,124.5,128.4,674400
2016-08-10,129.7,132.6,127.6,128.9,500800
2016-08-11,132.0,138.5,129.5,135.6,591700
2016-08-12,136.3,137.6,133.2,136.1,400700
2016-08-15,137.1,141.8,137.1,140.4,312500
2016-08-16,139.7,140.1,136.9,138.6,298500
2016-08-17,139.3,140.6,135.3,139.9,316800
2016-08-18,141.0,143.0,139.3,141.4,286100
2016-08-19,140.9,142.0,139.6,141.2,241800
2016-08-22,139.2,141.4,137.3,140.2,265900
2016-08-23,139.6,143.8,138.8,142.8,269100
2016-08-24,141.7,143.6,139.8,141.4,279600
2016-08-25,141.6,145.2,139.6,144.4,305000
2016-08-26,144.5,146.5,141.9,144.5,315900
2016-08-29,143.9,147.7,142.7,147.2,199700
2016-08-30,148.8,150.9,146.1,147.5,237500
2016-08-31,146.6,147.9,142.3,145.5,330100
2016-09-01,144.7,146.8,142.8,146.6,310000
2016-09-02,148.4,151.9,148.3,149.6,238800
2016-09-06,152.9,153.0,149.3,153.0,252800
2016-09-07,150.5,156.8,150.5,154.6,2290100
2016-09-08,157.5,159.1,153.2,155.4,614600
2016-09-09,154.0,155.8,148.7,150.2,671600
2016-09-12,147.7,152.8,145.8,152.7,604100
2016-09-13,149.9,150.0,143.2,143.6,589700
2016-09-14,143.8,146.5,140.2,141.3,413800
2016-09-15,142.3,144.5,139.8,141.9,517200
2016-09-16,139.4,145.0,137.8,144.8,712500
2016-09-19,146.8,148.9,143.6,143.7,301600
2016-09-20,141.6,143.5,140.6,141.5,293600
2016-09-21,144.5,149.4,144.2,149.0,410700
2016-09-22,151.7,152.7,147.7,148.5,367700
2016-09-23,147.3,148.5,140.1,141.9,477700
2016-09-26,143.4,145.3,140.6,140.6,409500
2016-09-27,138.8,139.0,133.3,135.5,354800
2016-09-28,138.3,146.7,134.6,146.6,851300
2016-09-29,146.6,152.4,146.6,149.8,660400
2016-09-30,151.3,158.6,150.2,157.0,745200
2016-10-03,157.4,157.7,150.8,156.1,535600
2016-10-04,156.9,157.9,151.8,153.7,332000
2016-10-05,156.3,158.3,155.2,156.7,476000
2016-10-06,158.7,160.3,154.3,156.5,328200
2016-10-07,156.1,158.1,153.9,155.4,267300
2016-10-10,158.3,163.6,157.8,159.6,507600
2016-10-11,159.0,159.8,156.2,158.4,322300
2016-10-12,157.2,158.7,154.9,158.0,415600
2016-10-13,156.3,157.9,152.1,154.2,342100
2016-10-14,155.1,156.6,150.5,152.0,352200
2016-10-17,152.1,152.9,148.7,149.0,326800
2016-10-18,151.8,151.8,147.2,148.5,305500
2016-10-19,150.1,156.9,150.1,151.6,523300
2016-10-20,149.1,153.8,145.6,149.9,256400
2016-10-21,148.2,153.1,147.8,150.6,244200
2016-10-24,150.7,152.8,146.3,148.8,315300
2016-10-25,148.6,149.2,142.4,142.5,270200
2016-10-26,140.0,142.2,136.4,140.7,574700
2016-10-27,142.3,143.4,139.0,139.2,204500
2016-10-28,138.3,141.8,134.5,134.8,261400
2016-10-31,133.0,133.4,127.0,129.9,695800
2016-11-01,131.9,134.5,129.6,132.2,663500
2016-11-02,129.0,131.6,124.5,130.6,619300
2016-11-03,132.3,134.9,126.4,133.3,724300
2016-11-04,133.4,135.5,128.6,131.4,628500
2016-11-07,135.3,136.3,131.7,133.0,498600
2016-11-08,131.4,135.8,129.4,134.9,373400
2016-11-09,135.0,144.6,134.7,143.1,494300
2016-11-10,142.5,144.6,138.2,142.1,474900
2016-11-11,140.3,141.7,134.1,138.7,344100
2016-11-14,138.1,140.4,134.1,140.1,332000
2016-11-15,142.4,148.5,142.3,146.0,450700
2016-11-16,147.2,148.0,143.2,144.3,329600
2016-11-17,146.6,150.9,143.3,143.8,429400
2016-11-18,145.2,147.3,142.9,145.5,257100
2016-11-21,151.2,156.2,149.5,154.5,540200
2016-11-22,156.0,158.7,153.5,158.4,346800
2016-11-23,156.8,162.7,155.2,162.4,477700
2016-11-25,160.6,164.2,159.2,162.9,237300
2016-11-28,168.1,170.5,150.0,150.8,695300
2016-11-29,146.7,147.5,141.8,144.5,512900
2016-11-30,166.1,179.8,162.8,176.4,1151000
2016-12-01,184.9,185.3,173.0,174.4,716000
2016-12-02,173.2,176.9,169.4,172.4,313900
2016-12-05,176.7,177.0,167.3,168.3,392200
2016-12-06,165.6,169.3,164.1,167.1,497100
2016-12-07,165.8,168.2,162.7,168.1,371600
2016-12-08,171.9,173.1,166.1,171.3,409000
2016-12-09,172.7,174.2,170.2,170.9,388700
2016-12-12,178.7,180.0,165.2,167.3,417300
2016-12-13,172.3,174.4,166.5,174.0,370200
2016-12-14,165.8,168.3,162.5,163.0,3227700
2016-12-15,158.2,164.8,155.6,161.3,1377800
2016-12-16,161.9,162.4,157.4,159.5,1097300
2016-12-19,160.3,161.1,158.2,160.4,504600
2016-12-20,160.8,162.0,156.6,157.5,604100
2016-12-21,158.5,159.4,156.2,156.3,394100
2016-12-22,156.5,158.2,155.6,157.1,401500
2016-12-23,156.0,157.3,155.0,156.0,388400
2016-12-27,156.8,157.7,154.5,157.2,373500
2016-12-28,157.5,158.7,155.6,156.4,351900
2016-12-29,155.7,156.4,154.0,154.3,284400
2016-12-30,153.9,154.5,152.7,153.7,369000
2017-01-03,157.5,160.0,155.0,158.2,424600
2017-01-04,158.8,161.2,155.7,160.7,403500
2017-01-05,160.8,163.2,159.1,160.5,377400
2017-01-06,160.9,162.7,158.2,159.7,301700
2017-01-09,158.5,158.5,153.8,154.2,450800
2017-01-10,154.3,155.1,151.4,152.6,400000
2017-01-11,153.4,155.4,149.4,154.7,392100
2017-01-12,157.0,157.8,152.6,155.0,285700
2017-01-13,154.3,155.0,151.2,152.1,402100
2017-01-17,155.4,156.7,152.3,153.3,376800
2017-01-18,151.6,154.1,149.9,151.7,268500
2017-01-19,151.5,153.2,149.5,151.4,303700
2017-01-20,153.6,154.5,150.8,151.8,324300
2017-01-23,150.5,151.6,149.5,150.3,319100
2017-01-24,150.9,153.7,150.2,150.5,387600
2017-01-25,150.5,154.4,150.3,152.3,420900
2017-01-26,152.5,156.4,152.0,156.1,546200
2017-01-27,155.1,158.1,154.4,156.2,447500
2017-01-30,155.5,155.6,149.3,152.4,666400
2017-01-31,153.2,154.0,150.5,152.8,907500
2017-02-01,154.6,155.4,148.6,149.9,409300
2017-02-02,150.5,151.0,146.0,147.8,421100
2017-02-03,148.6,148.7,146.1,148.1,574600
2017-02-06,149.6,149.7,142.3,143.2,484500
2017-02-07,141.6,142.6,137.0,139.1,596300
2017-02-08,137.2,140.2,133.3,137.4,640400
2017-02-09,139.2,142.0,138.5,140.8,557300
2017-02-10,143.4,144.4,141.7,142.2,352800
2017-02-13,141.0,146.9,140.2,146.7,616900
2017-02-14,147.2,149.2,144.4,148.5,478700
2017-02-15,147.3,150.2,146.8,149.2,448000
2017-02-16,149.2,149.2,144.2,145.0,483600
2017-02-17,144.1,146.0,140.6,142.8,451700
2017-02-21,145.0,146.4,143.7,144.0,368400
2017-02-22,142.0,143.3,138.1,138.3,357000
2017-02-23,141.2,141.4,135.5,137.4,362400
2017-02-24,135.6,137.2,131.7,132.5,519600
2017-02-27,132.9,135.1,131.8,133.6,598300
2017-02-28,125.6,129.8,119.4,126.2,1256000
2017-03-01,128.1,133.1,126.3,133.1,784200
2017-03-02,133.1,133.1,125.6,125.7,458800
2017-03-03,126.0,127.0,123.4,123.6,248600
2017-03-06,123.2,124.2,121.8,124.0,453400
2017-03-07,124.0,125.3,121.6,121.7,419200
2017-03-08,120.5,122.1,113.6,114.4,776100
2017-03-09,115.0,115.4,110.5,114.4,746000
2017-03-10,115.8,116.1,112.8,115.3,500400
2017-03-13,115.3,118.0,113.7,116.0,303500
2017-03-14,112.6,114.2,109.7,114.0,382700
2017-03-15,115.2,119.7,113.2,118.7,652000
2017-03-16,119.7,121.1,117.9,118.0,470500
2017-03-17,118.6,121.4,118.1,118.6,573100
2017-03-20,116.8,121.9,114.9,121.8,478900
2017-03-21,121.7,123.3,116.8,117.1,557200
2017-03-22,115.5,118.2,114.3,117.6,479800
2017-03-23,118.1,119.5,116.1,117.5,385800
2017-03-24,117.9,119.1,117.1,118.7,380900
2017-03-27,116.0,120.6,115.3,119.2,614400
2017-03-28,119.9,123.9,118.7,123.3,596300
2017-03-29,122.8,128.5,122.1,128.2,762600
2017-03-30,129.8,131.0,127.2,127.8,578700
2017-03-31,126.8,132.1,126.6,131.6,605900
2017-04-03,131.5,132.9,129.1,132.6,536300
2017-04-04,133.1,135.9,132.8,134.1,486700
2017-04-05,136.2,139.2,131.0,131.4,639700
2017-04-06,132.7,134.7,131.7,132.8,457700
2017-04-07,133.1,133.7,130.5,131.1,454400
2017-04-10,132.1,135.2,131.3,134.5,403100
2017-04-11,134.5,136.2,133.4,136.1,472400
2017-04-12,135.8,137.3,131.1,131.3,501700
2017-04-13,133.9,134.0,124.8,125.1,788300
2017-04-17,125.3,125.5,121.8,124.6,897600
2017-04-18,123.3,125.0,120.1,121.7,599300
2017-04-19,121.0,122.2,114.8,115.0,874400
2017-04-20,115.9,116.3,114.4,115.0,690700
2017-04-21,114.0,116.5,113.4,115.4,536700
2017-04-24,116.9,119.7,115.2,118.5,534200
2017-04-25,119.0,122.8,117.5,122.4,468600
2017-04-26,121.0,125.3,121.0,121.5,538600
2017-04-27,120.7,120.7,114.4,118.9,631600
2017-04-28,119.8,120.6,118.1,118.4,400800
2017-05-01,118.4,119.2,117.2,118.2,466600
2017-05-02,118.2,119.6,114.7,117.1,567700
2017-05-03,117.2,123.3,116.7,119.1,813100
2017-05-04,117.8,118.1,111.1,113.5,700000
2017-05-05,114.3,121.1,113.4,120.8,519500
2017-05-08,120.0,122.7,119.0,122.1,430100
2017-05-09,122.2,122.4,119.1,119.9,378000
2017-05-10,121.6,123.9,119.9,121.4,516700
2017-05-11,122.3,122.6,120.0,121.3,343400
2017-05-12,121.4,125.1,120.9,124.5,366600
2017-05-15,129.4,129.6,125.2,125.9,453300
2017-05-16,126.7,127.5,123.3,124.8,265300
2017-05-17,123.3,126.2,122.7,122.7,454000
2017-05-18,121.8,122.8,120.2,121.6,344300
2017-05-19,122.5,126.8,122.3,126.1,438100
2017-05-22,127.8,128.1,123.4,123.6,286100
2017-05-23,123.8,124.4,122.3,123.4,257500
2017-05-24,122.5,124.7,119.9,120.9,221700
2017-05-25,120.0,127.5,118.2,120.1,899800
2017-05-26,119.9,122.5,118.3,121.9,411500
2017-05-30,120.1,121.2,117.4,117.5,505700
2017-05-31,115.4,117.7,111.8,113.2,595500
2017-06-01,114.1,118.2,112.5,116.1,394600
2017-06-02,115.0,115.3,110.8,114.6,512600
2017-06-05,113.2,115.3,112.7,113.9,391000
2017-06-06,113.6,120.0,112.5,119.8,483400
2017-06-07,118.3,119.5,107.3,107.8,706700
2017-06-08,107.1,107.7,103.1,103.4,621500
2017-06-09,103.7,111.2,102.9,110.8,625100
2017-06-12,112.6,114.6,111.6,111.9,560400
2017-06-13,112.0,115.3,111.3,115.1,371100
2017-06-14,114.5,114.5,107.3,107.7,439400
2017-06-15,106.9,107.2,98.8,100.5,686300
2017-06-16,100.7,101.2,97.8,100.3,596700
2017-06-19,99.9,103.3,99.6,101.3,460900
2017-06-20,99.0,104.5,97.8,103.5,588600
2017-06-21,101.6,103.7,96.3,97.5,644400
2017-06-22,97.3,100.3,96.6,96.9,539400
2017-06-23,97.6,102.2,96.4,101.8,990500
2017-06-26,102.1,103.8,100.6,102.5,442000
2017-06-27,103.0,105.1,102.1,103.7,488600
2017-06-28,103.7,105.8,102.4,104.5,488500
2017-06-29,104.9,106.7,103.5,104.4,392700
2017-06-30,105.4,107.8,103.7,106.1,385100
2017-07-03,107.1,109.8,107.0,109.0,151600
2017-07-05,107.5,107.6,104.3,106.4,363900
2017-07-06,107.6,109.7,104.0,104.6,395000
2017-07-07,103.5,104.2,100.4,104.0,340100
2017-07-10,103.4,108.6,102.3,107.2,320600
2017-07-11,107.1,109.3,105.2,108.2,390400
2017-07-12,109.7,111.6,106.6,106.7,415500
2017-07-13,106.5,107.5,105.1,107.0,434700
2017-07-14,107.1,109.4,107.1,108.0,331100
2017-07-17,107.1,109.6,106.9,107.3,404600
2017-07-18,108.2,108.5,105.0,106.0,442100
2017-07-19,106.2,113.9,105.7,113.9,482900
2017-07-20,115.0,117.4,110.1,110.4,399500
2017-07-21,111.7,112.1,108.0,108.8,408700
2017-07-24,109.6,110.9,108.4,109.5,321100
2017-07-25,111.5,116.0,111.5,113.5,343100
2017-07-26,114.6,117.0,112.9,113.2,383300
2017-07-27,113.8,115.7,112.7,114.5,367200
2017-07-28,114.1,115.9,112.3,115.5,346400
2017-07-31,114.8,115.1,110.2,113.2,288000
2017-08-01,113.2,113.3,110.2,111.9,239600
2017-08-02,110.0,110.3,105.2,108.4,500200
2017-08-03,103.8,107.7,99.1,99.3,1086800
2017-08-04,100.0,106.1,100.0,105.8,611400
2017-08-07,104.4,105.2,101.2,103.3,423200
2017-08-08,102.2,107.3,102.2,104.3,645500
2017-08-09,104.8,106.5,104.3,106.3,414100
2017-08-10,107.1,108.7,104.4,104.8,277600
2017-08-11,103.4,105.2,102.6,104.2,242600
2017-08-14,104.6,104.8,99.7,99.8,337300
2017-08-15,99.4,101.1,97.7,100.8,410100
2017-08-16,100.8,102.3,98.9,100.1,246300
2017-08-17,99.7,102.5,99.4,99.4,272200
2017-08-18,98.8,102.6,98.8,101.6,287900
2017-08-21,101.4,101.8,100.1,101.6,185500
2017-08-22,102.4,104.2,101.5,101.6,257700
2017-08-23,101.5,105.8,101.0,104.3,317000
2017-08-24,103.5,104.4,102.5,103.4,288000
2017-08-25,104.1,104.4,102.9,104.1,214800
2017-08-28,104.3,104.9,97.7,99.9,410500
2017-08-29,99.1,100.3,96.1,98.8,328700
2017-08-30,98.2,100.3,96.5,100.1,329800
2017-08-31,101.1,104.2,100.7,103.6,282500
2017-09-01,104.0,104.3,101.4,103.7,295700
2017-09-05,104.9,106.5,100.0,100.9,369300
2017-09-06,101.9,104.7,101.9,103.1,442600
2017-09-07,102.4,103.4,99.6,101.8,317200
2017-09-08,101.2,101.4,93.4,95.4,646300
2017-09-11,98.6,102.6,98.3,101.1,926200
2017-09-12,101.7,106.7,101.2,104.7,1233300
2017-09-13,105.1,111.2,105.1,109.6,989700
2017-09-14,112.8,112.8,105.8,110.3,1235800
2017-09-15,110.6,110.9,103.4,105.2,3922600
2017-09-18,104.3,109.5,103.7,108.7,541600
2017-09-19,108.8,111.6,108.8,111.3,427500
2017-09-20,111.8,114.2,111.4,113.1,705700
2017-09-21,112.3,113.6,111.1,112.8,457000
2017-09-22,111.7,113.3,110.4,110.7,402100
2017-09-25,112.0,113.6,111.2,112.8,330900
2017-09-26,112.8,114.9,110.8,111.0,661900
2017-09-27,112.1,112.2,103.5,110.8,1038600
2017-09-28,111.0,112.0,108.5,111.3,431800
2017-09-29,109.8,113.2,108.2,112.4,562200
2017-10-02,109.4,114.1,107.7,114.1,389900
2017-10-03,110.4,115.0,109.0,114.0,1221800
2017-10-04,114.3,114.8,110.4,110.9,535900
2017-10-05,111.3,113.2,111.0,112.4,272300
2017-10-06,110.5,112.0,109.0,109.4,392800
2017-10-09,109.7,111.6,109.2,111.5,335600
2017-10-10,114.7,114.7,112.4,112.9,360400
2017-10-11,112.9,113.5,111.4,113.1,329100
2017-10-12,111.6,112.0,108.6,109.3,525400
2017-10-13,110.2,111.4,108.7,109.7,313800
2017-10-16,110.6,111.5,109.0,110.9,201700
2017-10-17,111.1,112.3,109.7,111.3,183800
2017-10-18,111.0,113.6,110.5,111.3,344200
2017-10-19,109.7,110.6,108.8,109.2,312500
2017-10-20,109.7,110.1,107.3,109.7,282500
2017-10-23,109.8,110.2,104.0,104.3,393900
2017-10-24,104.7,105.7,100.6,102.6,570400
2017-10-25,102.4,103.0,99.6,102.2,286800
2017-10-26,101.9,103.1,99.1,102.7,234300
2017-10-27,100.9,106.1,100.6,105.9,280200
2017-10-30,106.5,108.1,104.9,107.5,525000
2017-10-31,107.6,111.7,107.2,110.9,313600
2017-11-01,113.3,118.2,112.8,117.4,640000
2017-11-02,117.0,119.4,114.2,117.0,433500
2017-11-03,116.7,118.4,115.1,117.1,337300
2017-11-06,116.6,121.8,115.3,121.3,609500
2017-11-07,116.5,121.7,113.1,118.2,1057600
2017-11-08,118.5,119.1,113.8,116.9,487400
2017-11-09,116.5,120.6,116.2,118.5,643100
2017-11-10,118.8,121.5,116.7,117.2,620700
2017-11-13,116.1,116.8,111.5,111.6,417900
2017-11-14,110.6,111.1,102.7,103.1,913900
2017-11-15,101.1,101.7,99.0,99.3,573400
2017-11-16,100.0,100.2,97.6,98.9,455200
2017-11-17,99.3,102.3,99.0,101.6,330500
2017-11-20,100.7,101.5,98.2,101.5,359300
2017-11-21,105.5,105.5,101.5,103.1,539000
2017-11-22,104.2,106.6,104.0,106.3,374300
2017-11-24,107.7,108.8,107.1,108.5,170400
2017-11-27,106.4,107.9,105.5,105.7,451900
2017-11-28,105.7,107.6,104.4,107.3,297300
2017-11-29,107.8,109.2,105.6,106.8,358900
2017-11-30,107.4,112.1,107.4,110.4,547200
2017-12-01,112.0,117.5,112.0,115.0,647400
2017-12-04,115.0,116.0,112.6,113.4,645200
2017-12-05,112.3,115.4,111.5,113.7,482000
2017-12-06,111.9,113.1,107.4,107.6,609400
2017-12-07,107.3,108.2,105.4,107.0,364600
2017-12-08,108.3,108.9,105.4,107.0,463000
2017-12-11,106.6,110.4,106.6,109.9,355700
2017-12-12,110.8,112.4,107.3,109.0,325200
2017-12-13,108.8,109.6,106.4,108.8,288300
2017-12-14,107.9,109.4,105.7,105.7,369400
2017-12-15,106.2,106.9,104.1,104.9,615100
2017-12-18,105.9,109.8,105.2,108.6,329900
2017-12-19,109.1,111.3,108.6,110.2,294900
2017-12-20,111.2,113.5,109.9,112.0,741600
2017-12-21,112.0,119.2,111.5,118.8,545000
2017-12-22,119.5,120.6,117.6,118.3,326200
2017-12-26,119.0,124.9,119.0,123.9,333000
2017-12-27,123.7,125.0,122.3,123.3,226200
2017-12-28,123.4,124.7,122.3,123.6,270900
2017-12-29,124.5,124.5,121.4,121.5,270200
2018-01-02,123.1,126.6,122.3,125.0,515900
2018-01-03,124.2,125.8,121.4,121.9,528600
2018-01-04,122.8,125.7,120.9,124.0,421800
2018-01-05,122.4,124.0,120.9,123.8,516800
2018-01-08,123.5,125.3,122.6,125.2,416800
2018-01-09,125.3,126.3,123.3,124.0,435200
2018-01-10,124.8,127.1,124.4,126.1,455500
2018-01-11,126.8,133.2,125.8,128.2,559300
2018-01-12,128.8,129.8,126.2,129.1,364700
2018-01-16,129.9,131.6,124.9,125.0,534100
2018-01-17,125.0,126.8,123.8,126.2,367500
2018-01-18,126.2,127.8,124.0,124.2,312000
2018-01-19,122.9,126.6,122.3,125.6,220400
2018-01-22,126.5,128.3,126.2,127.9,294300
2018-01-23,128.9,129.2,124.3,125.4,292200
2018-01-24,127.2,129.1,125.2,128.0,459800
2018-01-25,128.6,129.4,123.3,124.5,363600
2018-01-26,124.4,124.8,122.2,123.5,296100
2018-01-29,123.5,124.1,121.2,121.5,362800
2018-01-30,120.0,120.0,112.6,115.1,856500
2018-01-31,114.8,114.8,110.6,113.5,760500
2018-02-01,113.9,116.3,113.1,115.0,804800
2018-02-02,114.0,116.5,112.8,113.3,1168600
2018-02-05,110.5,116.5,109.2,113.5,763300
2018-02-06,110.7,115.9,108.7,112.9,601500
2018-02-07,112.8,116.5,107.5,107.9,518100
2018-02-08,107.9,110.1,102.1,102.2,527800
2018-02-09,103.1,103.6,97.5,102.6,495400
2018-02-12,103.7,108.1,103.0,107.1,433500
2018-02-13,105.5,106.4,103.8,104.0,252100
2018-02-14,102.6,109.7,102.1,109.0,392200
2018-02-15,109.3,109.8,103.8,107.4,381800
2018-02-16,106.8,110.3,106.8,108.9,317600
2018-02-20,109.2,110.1,105.9,106.9,372000
2018-02-21,106.7,108.2,104.9,105.0,367000
2018-02-22,105.9,109.7,105.2,107.8,280600
2018-02-23,108.7,110.7,107.4,110.6,292800
2018-02-26,110.8,112.7,109.9,111.2,176400
2018-02-27,110.8,112.5,108.0,108.0,213100
2018-02-28,109.0,109.8,105.6,105.7,462500
2018-03-01,106.4,109.7,105.0,107.4,503500
2018-03-02,106.7,112.6,105.7,112.5,415500
2018-03-05,112.4,120.5,112.4,118.7,583000
2018-03-06,119.9,120.1,117.4,117.7,520600
2018-03-07,116.3,118.7,116.0,117.3,373600
2018-03-08,118.0,118.0,112.8,113.9,355100
2018-03-09,115.3,117.5,115.1,117.3,256600
2018-03-12,117.4,118.8,116.2,117.5,360900
2018-03-13,117.8,120.6,115.8,116.6,308900
2018-03-14,117.0,119.3,115.7,116.6,458500
2018-03-15,117.7,119.1,114.0,114.4,335900
2018-03-16,114.8,118.6,113.7,117.6,403000
2018-03-19,116.5,117.6,114.8,116.2,266500
2018-03-20,117.2,120.2,116.8,119.3,213600
2018-03-21,120.0,125.9,120.0,123.6,385200
2018-03-22,122.3,124.4,120.2,121.7,321300
2018-03-23,122.4,124.8,120.1,120.3,300100
2018-03-26,122.2,123.9,118.8,123.7,373500
2018-03-27,124.0,124.4,119.5,120.3,271900
2018-03-28,122.6,126.5,122.6,125.0,758800
2018-03-29,125.8,133.0,125.1,132.4,547000
2018-04-02,131.4,132.0,125.9,127.3,488900
2018-04-03,128.6,128.6,122.8,125.7,410400
2018-04-04,123.0,123.8,120.2,123.4,310400
2018-04-05,124.3,127.4,124.3,124.6,502800
2018-04-06,124.0,125.4,117.0,120.0,520500
2018-04-09,120.8,121.5,118.6,119.3,631200
2018-04-10,121.5,125.9,120.7,124.7,443700
2018-04-11,124.7,129.7,124.5,127.8,346500
2018-04-12,127.9,129.9,125.2,128.6,475800
2018-04-13,130.4,132.4,130.0,131.2,300400
2018-04-16,131.9,134.3,129.6,132.7,352400
2018-04-17,133.0,136.4,131.7,135.5,392600
2018-04-18,137.0,143.6,137.0,141.7,493100
2018-04-19,142.4,144.2,140.2,142.2,435800
2018-04-20,141.7,144.3,140.4,141.7,461100
2018-04-23,141.0,144.2,139.1,142.6,417600
2018-04-24,142.7,144.4,136.2,138.2,646500
2018-04-25,136.9,141.2,135.6,140.1,405400
2018-04-26,140.4,141.1,138.1,139.5,317300
2018-04-27,138.5,140.3,137.4,137.5,210500
2018-04-30,137.2,140.7,136.8,139.1,348600
2018-05-01,138.6,138.9,134.6,137.0,402000
2018-05-02,137.0,139.8,136.7,138.5,374200
2018-05-03,135.5,137.8,131.7,132.7,597100
2018-05-04,133.7,138.1,132.9,135.5,614000
2018-05-07,137.5,143.3,137.3,138.8,572500
2018-05-08,138.5,142.0,134.4,141.8,481400
2018-05-09,145.0,146.5,142.3,142.6,555000
2018-05-10,144.5,144.9,140.1,141.6,302500
2018-05-11,141.8,142.4,137.8,139.0,389600
2018-05-14,140.2,140.4,136.8,138.5,272400
2018-05-15,138.3,138.3,133.9,137.0,444800
2018-05-16,137.0,137.0,133.5,136.4,548800
2018-05-17,137.1,142.7,137.1,140.9,630200
2018-05-18,141.4,141.4,135.0,135.7,432200
2018-05-21,136.9,139.4,135.8,139.2,397800
2018-05-22,139.5,140.0,133.2,134.5,478700
2018-05-23,133.3,133.8,129.3,131.4,797100
2018-05-24,128.9,130.1,124.7,124.8,643600
2018-05-25,119.3,121.2,118.4,119.6,3269000
2018-05-29,118.7,120.4,117.0,117.5,1189100
2018-05-30,118.1,121.7,117.2,120.8,1016600
2018-05-31,119.7,121.4,118.0,118.4,746700
2018-06-01,118.9,118.9,108.2,111.2,1605500
2018-06-04,110.5,111.6,102.1,102.9,1489700
2018-06-05,102.9,104.9,101.2,104.4,1157100
2018-06-06,104.5,105.3,100.5,100.9,977900
2018-06-07,101.5,104.9,101.5,103.7,893000
2018-06-08,102.8,104.2,100.5,101.4,890800
2018-06-11,101.0,102.4,100.1,102.1,542900
2018-06-12,101.6,107.6,101.4,107.0,1021800
2018-06-13,106.2,107.0,104.2,104.4,599000
2018-06-14,106.1,106.7,101.4,102.1,500700
2018-06-15,101.3,101.4,98.1,98.8,1157800
2018-06-18,98.8,103.9,98.8,102.3,738000
2018-06-19,100.4,107.0,100.0,106.1,775100
2018-06-20,107.4,108.7,104.9,107.9,757700
2018-06-21,106.1,107.5,101.6,102.5,777200
2018-06-22,107.5,109.1,106.1,108.0,876200
2018-06-25,107.9,108.0,104.1,105.1,527600
2018-06-26,105.5,110.0,105.1,109.3,528400
2018-06-27,111.8,114.2,110.4,111.5,797500
2018-06-28,111.5,112.1,108.9,109.1,430300
2018-06-29,109.2,111.3,107.2,107.4,674100
2018-07-02,106.1,106.3,103.1,105.9,473300
2018-07-03,107.7,110.3,107.3,107.9,344700
2018-07-05,108.5,108.6,105.4,106.1,319100
2018-07-06,105.2,109.2,105.1,108.9,290100
2018-07-09,109.7,113.3,108.8,112.9,631100
2018-07-10,114.0,114.6,109.7,110.5,452900
2018-07-11,109.5,113.2,108.2,109.7,448300
2018-07-12,110.8,111.2,108.6,111.0,323600
2018-07-13,111.1,112.4,108.6,108.9,399200
2018-07-16,107.0,109.3,106.3,108.6,428500
2018-07-17,108.6,110.3,107.7,108.7,301400
2018-07-18,108.2,110.6,106.1,110.1,549400
2018-07-19,109.9,113.1,109.8,112.5,483700
2018-07-20,112.4,112.8,110.2,111.1,333200
2018-07-23,112.1,112.8,110.8,111.3,199300
2018-07-24,111.9,113.1,111.0,112.0,223700
2018-07-25,111.1,113.6,109.8,113.2,229100
2018-07-26,113.4,115.2,112.5,114.0,235500
2018-07-27,113.4,114.4,109.5,109.9,499500
2018-07-30,111.5,112.7,110.7,110.8,553400
2018-07-31,110.5,111.0,106.5,107.6,408400
2018-08-01,106.3,107.5,104.9,107.4,403800
2018-08-02,106.1,109.9,105.4,109.3,328900
2018-08-03,109.3,109.6,105.3,105.7,285500
2018-08-06,106.1,108.7,105.0,107.7,344900
2018-08-07,109.7,113.8,108.2,112.9,502400
2018-08-08,111.4,112.2,109.5,110.6,519100
2018-08-09,111.0,113.1,110.2,112.5,340800
2018-08-10,112.0,114.5,111.7,113.9,340800
2018-08-13,113.9,113.9,108.6,108.9,446700
2018-08-14,110.3,111.8,109.0,111.7,486300
2018-08-15,110.4,111.7,101.2,102.3,1002200
2018-08-16,102.9,105.6,102.7,105.5,341400
2018-08-17,105.7,108.0,105.3,107.5,280800
2018-08-20,107.1,108.9,106.5,107.2,415900
2018-08-21,108.2,111.2,107.7,110.1,341700
2018-08-22,111.8,113.2,110.7,112.6,329400
2018-08-23,111.6,112.5,109.9,112.0,320100
2018-08-24,113.2,114.6,112.9,113.5,250800
2018-08-27,113.7,115.6,113.0,114.0,260600
2018-08-28,113.7,114.4,110.4,112.0,330900
2018-08-29,112.7,114.4,111.2,113.5,367900
2018-08-30,113.9,116.6,113.6,115.5,478400
2018-08-31,115.1,115.1,111.5,113.0,385100
2018-09-04,113.3,115.4,109.9,110.7,339500
2018-09-05,110.0,111.8,107.4,111.3,441500
2018-09-06,110.9,111.1,106.0,107.6,396900
2018-09-07,106.5,109.2,105.3,106.0,461100
2018-09-10,106.3,108.2,105.8,106.7,222500
2018-09-11,106.2,112.1,106.0,111.6,335400
2018-09-12,113.4,118.3,113.0,117.3,454000
2018-09-13,116.9,118.0,114.5,116.9,346200
2018-09-14,116.8,119.3,116.5,116.7,313700
2018-09-17,116.7,118.2,114.4,115.2,290600
2018-09-18,116.8,118.1,113.9,115.4,298100
2018-09-19,115.7,118.9,115.5,118.0,273100
2018-09-20,119.6,120.7,115.7,116.2,258000
2018-09-21,116.6,118.5,115.7,117.5,573500
2018-09-24,120.5,123.8,119.3,122.7,393800
2018-09-25,123.4,125.0,120.6,121.0,625900
2018-09-26,120.0,121.6,117.7,117.8,326600
2018-09-27,119.1,120.5,116.2,120.1,416000
2018-09-28,119.3,122.3,118.9,119.9,366500
2018-10-01,120.2,124.3,119.0,123.1,541200
2018-10-02,123.4,125.2,121.4,123.7,523300
2018-10-03,125.0,129.7,124.1,127.6,558100
2018-10-04,127.0,130.9,125.0,125.6,372800
2018-10-05,126.3,127.5,124.2,126.6,369800
2018-10-08,125.2,126.4,123.2,126.2,238800
2018-10-09,127.1,129.9,126.2,128.4,348700
2018-10-10,128.6,129.0,123.9,124.0,400900
2018-10-11,122.6,124.5,119.9,120.9,419100
2018-10-12,123.8,124.5,120.6,124.1,552100
2018-10-15,125.5,126.5,122.2,125.7,292000
2018-10-16,126.3,127.5,124.3,126.0,278600
2018-10-17,125.2,125.2,120.3,121.7,369900
2018-10-18,119.9,120.1,117.0,118.9,429000
2018-10-19,119.2,120.2,113.9,116.7,636800
2018-10-22,117.0,117.3,113.6,114.8,357700
2018-10-23,111.4,111.9,106.9,108.4,551500
2018-10-24,109.4,110.7,98.9,99.2,727700
2018-10-25,100.9,102.5,97.7,102.1,468400
2018-10-26,100.1,103.4,98.3,101.3,425700
2018-10-29,101.3,101.9,92.9,96.0,583000
2018-10-30,94.0,98.5,92.3,98.4,517000
2018-10-31,99.7,102.6,97.4,99.7,612700
2018-11-01,100.7,104.7,99.0,104.5,577700
2018-11-02,105.3,105.6,102.3,103.7,458600
2018-11-05,105.9,107.9,102.7,105.2,796300
2018-11-06,104.9,107.5,103.6,103.9,311400
2018-11-07,108.7,114.7,107.1,110.8,960800
2018-11-08,109.7,112.3,105.0,105.6,880200
2018-11-09,103.5,104.8,99.7,104.1,592600
2018-11-12,106.3,107.3,101.0,101.4,603100
2018-11-13,100.9,103.0,95.7,96.4,713300
2018-11-14,100.0,101.8,95.7,96.0,594500
2018-11-15,95.0,99.4,95.0,99.0,533000
2018-11-16,99.0,101.2,95.4,97.0,478900
2018-11-19,95.1,98.2,93.2,96.7,345700
2018-11-20,94.3,95.0,90.9,92.2,527100
2018-11-21,93.2,95.3,91.7,93.0,454100
2018-11-23,89.0,90.9,88.7,89.7,167500
2018-11-26,91.1,93.7,90.2,91.9,340800
2018-11-27,91.4,92.3,88.4,88.8,386200
2018-11-28,88.8,89.6,85.4,88.1,496900
2018-11-29,88.3,90.7,86.5,89.6,387600
2018-11-30,88.6,89.3,85.0,85.5,487300
2018-12-03,91.5,91.9,85.2,88.8,895200
2018-12-04,89.1,89.9,84.8,85.0,397800
2018-12-06,82.9,82.9,76.3,79.9,505000
2018-12-07,82.4,84.7,80.1,80.4,372700
2018-12-10,80.7,81.2,75.5,77.9,529000
2018-12-11,79.3,80.2,74.5,75.3,416000
2018-12-12,76.5,80.0,75.8,77.1,421700
2018-12-13,76.8,78.2,74.9,77.0,462000
2018-12-14,75.4,75.8,70.0,70.2,595000
2018-12-17,69.0,73.0,67.5,69.8,554700
2018-12-18,70.0,70.1,67.8,68.4,466500
2018-12-19,68.8,69.4,64.6,65.9,806000
2018-12-20,64.2,65.9,62.3,63.8,782700
2018-12-21,63.3,64.5,60.2,61.3,1212400
2018-12-24,60.0,60.9,56.9,57.1,293400
2018-12-26,58.0,65.1,55.7,64.8,705700
2018-12-27,63.3,66.7,62.6,66.6,581200
2018-12-28,66.9,67.2,63.8,64.2,392400
2018-12-31,64.7,65.6,63.6,64.9,313000
2019-01-02,63.2,66.8,61.9,65.5,495000
2019-01-03,65.7,68.0,63.3,67.3,495300
2019-01-04,69.4,73.6,68.1,73.2,714400
2019-01-07,73.5,78.9,72.5,78.9,1132500
2019-01-08,80.4,83.3,78.9,82.1,1193700
2019-01-09,83.4,86.5,82.5,85.5,736400
2019-01-10,84.0,86.8,83.4,85.8,624100
2019-01-11,84.2,86.2,82.1,84.9,973200
2019-01-14,83.5,85.3,82.7,83.0,517700
2019-01-15,84.4,85.2,82.8,83.6,531600
2019-01-16,82.5,84.7,81.7,83.3,619700
2019-01-17,82.4,83.0,80.5,82.2,595200
2019-01-18,83.1,84.5,81.5,82.6,531600
2019-01-22,81.0,81.8,78.8,80.6,639300
2019-01-23,82.2,83.2,78.3,78.8,431800
2019-01-24,78.6,81.6,78.0,81.2,719100
2019-01-25,81.7,82.9,80.5,82.1,388000
2019-01-28,79.6,79.8,77.8,79.6,458400
2019-01-29,80.7,80.7,78.5,79.1,409100
2019-01-30,79.8,82.9,79.8,82.9,306200
2019-01-31,83.1,85.0,80.8,81.4,277400
2019-02-01,81.9,84.9,81.7,83.8,331500
2019-02-04,82.4,84.2,80.8,84.1,341200
2019-02-05,83.7,85.5,82.5,83.2,437400
2019-02-06,82.5,85.5,82.0,84.7,430900
2019-02-07,83.7,83.9,79.2,81.1,755300
2019-02-08,80.7,81.5,78.3,79.9,557700
2019-02-11,78.9,81.1,77.4,80.8,661400
2019-02-12,78.4,79.0,71.2,73.9,2100100
2019-02-13,74.3,77.6,72.4,76.1,855800
2019-02-14,75.4,78.7,75.1,78.0,745800
2019-02-15,79.2,80.4,77.8,78.9,512600
2019-02-19,78.2,78.4,76.2,76.2,690300
2019-02-20,75.8,76.6,73.7,75.0,830000
2019-02-21,74.6,74.9,71.0,71.4,542700
2019-02-22,72.1,73.5,70.8,71.8,572100
2019-02-25,70.7,72.6,70.7,72.2,526100
2019-02-26,72.0,73.6,69.8,69.9,701400
2019-02-27,73.8,79.2,73.7,77.2,1725800
2019-02-28,77.5,77.7,73.4,76.5,806100
2019-03-01,77.4,79.5,75.5,77.4,531800
2019-03-04,77.9,78.6,74.8,76.5,443800
2019-03-05,76.7,77.5,74.0,75.3,523300
2019-03-06,74.9,75.4,73.2,73.3,720700
2019-03-07,73.5,74.0,71.6,71.8,471600
2019-03-08,69.9,70.0,66.8,68.5,688200
2019-03-11,69.1,70.7,68.3,70.1,324200
2019-03-12,70.5,72.4,69.9,72.3,462800
2019-03-13,73.4,74.4,72.2,74.0,412100
2019-03-14,74.2,75.0,73.7,74.1,221100
2019-03-15,73.3,74.5,72.8,73.6,639000
2019-03-18,73.7,76.9,73.3,76.5,434700
2019-03-19,77.3,78.3,74.5,75.0,401200
2019-03-20,74.2,78.1,73.0,77.1,506300
2019-03-21,76.7,79.5,76.3,79.3,490500
2019-03-22,78.4,78.5,74.5,74.6,580000
2019-03-25,74.3,74.5,71.6,73.4,309800
2019-03-26,74.9,77.2,74.7,76.5,408200
2019-03-27,76.4,77.5,75.4,76.5,337800
2019-03-28,75.7,77.8,75.7,76.5,435200
2019-03-29,77.8,79.0,74.9,75.5,653200
2019-04-01,76.5,77.5,75.8,76.6,355800
2019-04-02,76.8,77.2,74.9,75.1,396800
2019-04-03,75.7,75.8,71.1,71.2,557600
2019-04-04,71.3,73.2,70.9,72.9,572300
2019-04-05,73.3,77.4,73.3,77.3,553000
2019-04-08,77.4,79.9,77.4,77.9,554300
2019-04-09,79.0,80.0,77.0,78.2,972400
2019-04-10,78.8,80.9,77.3,80.0,826700
2019-04-11,79.6,80.4,75.2,76.0,798100
2019-04-12,79.3,84.7,79.3,82.1,966200
2019-04-15,81.5,83.7,79.8,80.3,576900
2019-04-16,81.0,81.2,79.1,80.2,378200
2019-04-17,81.3,83.5,80.6,82.0,493300
2019-04-18,82.3,82.6,80.4,81.1,427800
2019-04-22,83.2,84.6,82.3,84.1,437400
2019-04-23,84.3,85.2,82.6,83.3,516500
2019-04-24,84.0,84.2,81.1,81.2,456000
2019-04-25,81.2,81.8,78.4,78.5,738600
2019-04-26,77.2,77.8,73.6,74.9,670800
2019-04-29,74.8,75.3,73.4,74.9,435800
2019-04-30,75.7,75.9,73.8,75.1,453800
2019-05-01,75.0,75.1,73.4,73.5,506500
2019-05-02,72.1,73.6,68.8,70.4,1013700
2019-05-03,71.6,73.3,70.9,73.3,456300
2019-05-06,72.0,76.2,71.8,75.6,836600
2019-05-07,74.5,75.6,71.8,74.9,989100
2019-05-08,74.9,79.7,74.7,79.2,712900
2019-05-09,78.6,81.5,77.5,81.0,598500
2019-05-10,80.8,81.4,77.8,79.8,597500
2019-05-13,78.7,79.5,74.9,76.3,634400
2019-05-14,77.2,80.6,76.9,79.0,691400
2019-05-15,77.7,81.9,76.9,81.0,739500
2019-05-16,81.4,84.7,81.4,83.2,684200
2019-05-17,82.1,83.3,81.4,81.8,567900
2019-05-20,81.7,83.4,75.8,76.2,845000
2019-05-21,77.1,79.1,76.6,78.5,952500
2019-05-22,77.7,78.1,72.1,74.4,1122800
2019-05-23,73.0,73.0,69.1,70.0,792700
2019-05-24,71.1,72.0,66.5,68.1,808300
2019-05-28,68.3,69.1,65.7,66.2,638200
2019-05-29,64.8,66.8,63.3,66.7,723000
2019-05-30,66.6,68.2,63.7,64.4,729600
2019-05-31,62.5,65.2,62.1,62.5,548300
2019-06-03,63.0,64.3,61.7,63.1,581300
2019-06-04,63.8,67.1,63.5,65.3,497700
2019-06-05,65.1,65.4,60.8,61.9,736600
2019-06-06,61.8,63.6,60.3,63.3,1089200
2019-06-07,63.2,64.5,61.9,62.7,871800
2019-06-10,62.6,63.4,61.0,61.6,655600
2019-06-11,63.0,64.4,62.0,63.3,461700
2019-06-12,62.1,62.6,60.4,61.7,667900
2019-06-13,63.0,63.3,60.0,61.9,968600
2019-06-14,62.0,62.7,59.2,60.1,870600
2019-06-17,59.6,63.0,58.7,62.7,524900
2019-06-18,62.9,66.3,62.8,65.3,630600
2019-06-19,65.3,65.3,62.7,63.6,578100
2019-06-20,65.7,67.1,64.9,66.3,724300
2019-06-21,66.7,67.5,63.9,63.9,586900
2019-06-24,63.8,64.6,62.0,62.6,550100
2019-06-25,62.4,63.4,61.7,62.5,511000
2019-06-26,63.8,65.7,63.3,64.1,564500
2019-06-27,64.1,65.3,62.9,63.7,545000
2019-06-28,64.1,66.7,63.6,65.9,928300
2019-07-01,69.6,70.1,65.8,66.7,646300
2019-07-02,66.7,66.7,62.3,62.4,626200
2019-07-03,62.7,63.6,61.8,62.4,220000
2019-07-05,62.0,65.9,62.0,64.9,318200
2019-07-08,64.3,65.4,63.3,64.0,509800
2019-07-09,63.7,65.0,62.6,64.8,442200
2019-07-10,65.9,67.4,65.7,67.1,604400
2019-07-11,67.3,67.6,63.7,65.3,770600
2019-07-12,65.4,65.9,64.0,64.0,282500
2019-07-15,56.7,58.4,53.1,53.8,5724500
2019-07-16,54.5,58.1,54.3,57.3,5569100
2019-07-17,57.0,57.0,51.8,52.2,4145800
2019-07-18,52.4,52.4,47.3,48.0,3355600
2019-07-19,48.0,49.2,47.3,48.7,1695300
2019-07-22,48.8,51.8,48.7,51.3,2201000
2019-07-23,51.3,54.2,51.2,53.8,2100700
2019-07-24,53.6,55.3,51.6,52.4,2172900
2019-07-25,52.9,53.4,49.2,49.8,1295100
2019-07-26,49.9,50.5,48.5,48.7,1462500
2019-07-29,48.9,49.3,46.7,47.5,1375400
2019-07-30,47.5,51.0,46.7,50.6,1226200
2019-07-31,50.8,51.6,48.7,49.2,1284300
2019-08-01,48.0,48.5,43.2,45.5,1758800
2019-08-02,45.7,46.6,44.6,45.7,965100
2019-08-05,44.2,44.3,41.3,43.3,1301300
2019-08-06,43.7,44.6,42.3,43.3,1714100
2019-08-07,43.1,49.0,42.6,47.9,1925200
2019-08-08,49.0,50.6,47.4,50.4,1712900
2019-08-09,50.5,52.2,49.7,51.6,1532500
2019-08-12,51.2,51.6,46.8,47.0,1158100
2019-08-13,46.6,49.3,45.3,45.7,1678900
2019-08-14,44.0,44.2,40.8,42.2,2571000
2019-08-15,42.1,43.7,41.5,42.9,1423000
2019-08-16,43.4,45.5,42.5,45.1,1842700
2019-08-19,45.8,46.6,45.0,46.2,1317200
2019-08-20,45.7,45.8,43.7,44.8,1076200
2019-08-21,45.5,46.7,45.0,46.4,1146200
2019-08-22,45.9,47.5,45.0,45.1,802500
2019-08-23,44.0,44.7,41.5,41.9,1488600
2019-08-26,42.9,43.7,41.3,41.7,1011800
2019-08-27,41.9,42.3,39.6,39.6,1410400
2019-08-28,40.6,43.0,40.2,42.1,1774000
2019-08-29,42.4,44.2,42.4,43.6,1070800
2019-08-30,43.2,43.6,40.6,41.1,2017700
2019-09-03,40.0,40.7,37.6,37.8,1653300
2019-09-04,38.6,39.2,37.5,37.8,1480600
2019-09-05,38.4,41.3,38.1,40.9,1670800
2019-09-06,39.8,41.8,39.8,40.8,1239100
2019-09-09,43.5,47.4,43.4,47.1,3877200
2019-09-10,47.0,48.6,46.3,47.2,1751000
2019-09-11,47.9,48.4,44.3,46.5,1769800
2019-09-12,44.8,47.1,43.5,43.6,1446000
2019-09-13,45.1,45.9,43.7,45.1,1066900
2019-09-16,51.3,53.6,49.1,53.2,3505100
2019-09-17,52.6,52.8,47.7,47.8,1793000
2019-09-18,46.9,47.3,45.7,46.8,853200
2019-09-19,47.7,48.0,45.1,45.4,1572800
2019-09-20,45.6,46.6,44.9,45.3,1515400
2019-09-23,46.3,47.5,44.6,45.1,2266500
2019-09-24,44.1,46.7,44.1,45.5,1509600
2019-09-25,44.4,46.2,44.0,46.0,5670800
2019-09-26,45.3,46.6,43.1,45.3,1702200
2019-09-27,44.5,45.8,43.5,44.5,1209500
2019-09-30,44.1,44.2,42.1,43.4,1431200
2019-10-01,43.9,44.8,39.8,40.1,2334600
2019-10-02,39.7,41.4,38.8,39.2,2266600
2019-10-03,38.7,40.4,37.5,39.7,1785600
2019-10-04,39.6,40.5,37.9,39.3,1083400
2019-10-07,39.2,40.7,38.4,39.1,1076900
2019-10-08,38.3,40.7,38.3,39.0,1120900
2019-10-09,40.0,40.3,38.6,39.4,946500
2019-10-10,39.4,40.6,37.5,40.1,1973700
2019-10-11,40.8,42.0,40.4,41.2,798400
2019-10-14,40.0,40.7,37.9,38.5,1440300
2019-10-15,38.1,40.2,37.5,39.2,1453800
2019-10-16,39.2,40.3,38.9,39.7,1201500
2019-10-17,39.6,41.0,39.2,40.9,1984100
2019-10-18,40.8,41.1,38.2,38.2,1612300
2019-10-21,38.5,39.3,37.0,37.1,2369100
2019-10-22,37.2,39.2,36.9,38.1,2114900
2019-10-23,38.0,41.2,37.3,41.1,1093200
2019-10-24,41.5,41.7,39.7,40.8,1681000
2019-10-25,40.9,41.7,40.1,41.2,1236600
2019-10-28,41.4,43.1,40.8,41.1,1047900
2019-10-29,40.7,42.2,40.4,41.5,1324200
2019-10-30,41.2,42.3,39.0,39.1,1362400
2019-10-31,38.8,39.2,36.9,38.0,1776100
2019-11-01,40.1,41.1,38.1,39.6,4822900
2019-11-04,40.6,42.9,40.6,41.9,2861100
2019-11-05,43.0,48.4,41.1,44.4,3917100
2019-11-06,44.0,45.9,42.7,42.7,3560100
2019-11-07,43.9,44.2,41.6,43.2,2507300
2019-11-08,42.1,45.6,41.6,45.4,1958200
2019-11-11,44.4,46.7,44.1,46.4,1287700
2019-11-12,46.8,47.4,45.6,46.2,1458900
2019-11-13,45.6,45.9,44.1,44.6,1112000
2019-11-14,45.6,46.0,41.5,41.9,5432000
2019-11-15,42.6,44.5,42.5,43.7,2282000
2019-11-18,43.0,43.6,38.2,39.4,2536000
2019-11-19,38.9,39.1,36.7,36.8,1826300
2019-11-20,36.9,38.6,35.9,36.2,2061500
2019-11-21,36.7,37.6,35.1,37.1,2274800
2019-11-22,37.5,38.1,36.2,36.7,1350700
2019-11-25,36.3,38.0,36.2,37.6,1256200
2019-11-26,37.7,38.1,36.5,37.1,1492800
2019-11-27,36.9,38.3,36.7,38.1,861400
2019-11-29,37.6,38.0,36.3,36.5,875900
2019-12-02,37.1,37.6,36.7,37.1,970800
2019-12-03,36.8,36.9,35.7,35.8,1528100
2019-12-04,37.0,38.3,36.7,37.3,965100
2019-12-05,37.9,39.2,37.5,38.1,1465100
2019-12-06,38.5,41.4,38.5,41.1,1366700
2019-12-09,40.7,42.9,40.7,42.6,1055000
2019-12-10,42.9,43.5,42.1,42.7,998500
2019-12-11,42.4,43.8,42.2,42.3,736300
2019-12-12,42.4,44.5,42.2,44.4,937300
2019-12-13,44.7,45.4,42.2,42.5,969800
2019-12-16,43.1,45.4,43.1,44.0,1870000
2019-12-17,44.5,47.5,44.1,47.4,1327500
2019-12-18,47.1,47.6,46.1,47.1,1333500
2019-12-19,46.6,47.7,46.5,47.2,1201600
2019-12-20,47.0,47.8,44.2,45.5,4693900
2019-12-23,46.7,49.1,46.4,48.3,1925500
2019-12-24,49.0,49.2,46.1,46.7,1386100
2019-12-26,47.4,48.3,46.9,47.4,952200
2019-12-27,47.4,48.2,46.9,47.1,1231500
2019-12-30,47.7,48.9,47.1,48.2,1953600
2019-12-31,47.8,49.7,47.1,48.3,1191600
2020-01-02,49.2,49.5,46.5,47.0,1527300
2020-01-03,49.6,49.8,47.0,48.3,2110800
2020-01-06,49.0,49.2,47.8,48.8,1388900
2020-01-07,48.4,48.7,46.3,47.3,2004800
2020-01-08,47.0,47.2,43.7,44.2,1758700
2020-01-09,43.9,44.2,41.7,43.6,2246200
2020-01-10,43.2,43.2,41.7,42.0,1983400
2020-01-13,42.4,42.5,40.6,41.1,1262600
2020-01-14,41.2,41.7,39.6,41.3,1356700
2020-01-15,41.0,41.6,40.7,41.2,1129500
2020-01-16,41.5,43.0,41.0,41.0,1287200
2020-01-17,41.6,41.6,38.5,38.6,3010500
2020-01-21,38.5,38.5,36.6,37.0,1765700
2020-01-22,36.8,36.8,34.7,35.2,1664700
2020-01-23,34.0,34.5,32.8,33.4,1949500
2020-01-24,33.1,33.3,31.6,32.3,1907100
2020-01-27,30.8,31.3,30.5,30.9,1763200
2020-01-28,31.4,32.7,30.8,32.3,1557500
2020-01-29,32.5,32.9,30.7,31.1,1611200
2020-01-30,30.5,31.0,29.6,30.9,2128000
2020-01-31,30.5,30.5,29.5,30.0,1642700
2020-02-03,29.9,30.9,28.7,29.4,1425700
2020-02-04,30.4,30.7,29.4,29.6,1462400
2020-02-05,30.3,32.3,30.3,32.0,1512600
2020-02-06,32.1,32.1,30.5,30.7,1356200
2020-02-07,30.3,30.3,29.2,30.1,983600
2020-02-10,29.6,29.7,27.9,28.1,1466200
2020-02-11,28.9,29.2,28.2,28.6,9676300
2020-02-12,29.5,30.7,28.7,29.0,12442900
2020-02-13,28.9,30.0,28.7,29.1,7329500
2020-02-14,29.2,29.5,28.1,28.8,9091800
2020-02-18,28.3,28.7,27.3,28.4,13873900
2020-02-19,29.0,30.3,28.9,30.0,10964900
2020-02-20,30.0,30.9,29.3,30.3,16433900
2020-02-21,29.9,29.9,28.3,28.5,12226600
2020-02-24,27.2,27.2,24.5,24.8,16902900
2020-02-25,25.1,25.1,22.5,23.5,15574900
2020-02-26,23.7,24.0,21.8,22.3,17085000
2020-02-27,22.5,23.1,19.8,20.4,26222000
2020-02-28,19.1,22.7,19.0,22.7,21621000
2020-03-02,23.4,23.5,20.4,20.9,21762700
2020-03-03,21.3,21.3,19.6,20.4,17766900
2020-03-04,21.7,21.8,18.9,19.4,22801700
2020-03-05,18.8,19.0,17.2,18.0,17963800
2020-03-06,16.9,17.0,12.8,13.0,35046500
2020-03-09,9.0,9.0,3.8,4.2,96999900
2020-03-10,7.1,7.2,4.5,4.9,70280900
2020-03-11,5.0,6.2,4.5,6.0,43660600
2020-03-12,4.8,6.5,4.8,5.5,45739900
2020-03-13,6.5,9.3,5.5,6.6,45196700
2020-03-16,5.7,6.8,5.3,5.7,36117000
2020-03-17,6.1,6.1,4.9,5.1,28798000
2020-03-18,4.7,4.8,3.9,4.3,32422200
2020-03-19,4.5,5.7,4.2,5.0,31227200
2020-03-20,5.2,5.5,4.4,4.4,28503300
2020-03-23,4.7,4.9,4.3,4.9,18217400
2020-03-24,5.3,5.3,4.6,5.2,22682500
2020-03-25,4.9,6.2,4.9,6.0,3276400
2020-03-26,6.0,8.0,5.8,6.7,3731200
2020-03-27,6.9,6.9,5.8,5.8,2724400
2020-03-30,5.7,5.8,5.0,5.3,2242000
2020-03-31,5.8,6.0,5.3,5.5,1667100
2020-04-01,5.3,5.3,4.1,4.1,3704800
2020-04-02,4.7,5.2,4.2,4.3,4414700
2020-04-03,4.8,5.0,4.3,4.9,3426800
2020-04-06,4.8,5.1,4.7,4.9,3303300
2020-04-07,5.0,5.3,4.6,4.8,3064700
2020-04-08,4.9,5.0,4.6,4.9,3124900
2020-04-09,5.2,6.0,4.8,5.1,6682900
2020-04-13,5.6,5.7,5.0,5.2,3614400
2020-04-14,5.2,5.2,4.9,5.0,2341500
2020-04-15,4.7,4.8,4.4,4.7,2523900
2020-04-16,4.8,4.8,4.3,4.4,2438100
2020-04-17,4.2,4.4,4.0,4.4,3284000
2020-04-20,3.9,4.3,3.9,4.1,2765300
2020-04-21,4.1,4.2,3.9,4.1,2461200
2020-04-22,4.3,4.6,4.2,4.3,2330500
2020-04-23,5.1,6.7,4.7,5.9,11759000
2020-04-24,7.0,7.0,5.3,5.9,7748100
2020-04-27,5.2,5.8,4.9,5.6,3494300
2020-04-28,5.8,6.1,5.6,6.0,2719900
2020-04-29,6.7,8.1,6.3,7.8,7304200
2020-04-30,10.1,11.0,7.8,9.4,15945400
2020-05-01,8.8,9.4,7.8,8.2,5385900
2020-05-04,7.6,8.9,7.5,8.6,4454300
2020-05-05,9.2,9.2,8.0,8.1,4987000
2020-05-06,8.1,8.5,7.3,7.5,4389500
2020-05-07,7.8,8.1,7.6,7.7,2646100
2020-05-08,8.0,8.2,7.7,8.1,4244500
2020-05-11,8.5,8.7,7.8,7.8,4313000
2020-05-12,8.1,8.4,7.8,7.8,3216100
2020-05-13,7.9,7.9,6.5,6.8,5629900
2020-05-14,6.8,7.1,6.0,6.5,4347700
2020-05-15,6.4,7.1,6.4,6.9,2857100
2020-05-18,7.8,8.1,7.5,8.1,3563800
2020-05-19,8.1,8.2,7.3,7.3,4313800
2020-05-20,7.6,7.8,7.3,7.6,3176500
2020-05-21,7.6,7.8,7.3,7.6,2519200
2020-05-22,7.5,7.5,7.1,7.4,2804300
2020-05-26,7.7,7.7,7.3,7.6,3768000
2020-05-27,7.6,7.6,7.1,7.4,2310100
2020-05-28,7.4,7.6,7.2,7.2,2537700
2020-05-29,7.1,7.2,6.5,6.7,3683500
2020-06-01,6.9,7.3,6.7,7.2,2191200
2020-06-02,7.3,8.0,7.2,7.7,3113600
2020-06-03,8.0,8.3,7.8,7.9,3058400
2020-06-04,7.9,8.3,7.5,8.2,3464300
2020-06-05,12.2,14.4,10.5,13.8,13278400
2020-06-08,15.3,27.5,15.3,25.1,18390300
2020-06-09,21.5,21.8,17.0,18.5,9171500
2020-06-10,16.1,19.8,14.1,17.1,8527000
2020-06-11,13.7,16.0,13.2,14.2,6888700
2020-06-12,16.9,17.3,14.5,15.1,5834800
2020-06-15,14.0,16.1,13.2,15.2,4559400
2020-06-16,17.6,17.7,15.5,16.2,4675700
2020-06-17,16.0,16.0,14.7,14.8,4034200
2020-06-18,14.6,15.7,14.3,15.0,3009400
2020-06-19,16.0,16.1,13.8,13.8,7986000
2020-06-22,14.1,14.4,13.5,14.1,2667900
2020-06-23,14.9,14.9,13.7,13.7,2758300
2020-06-24,13.1,13.2,11.2,11.9,4613300
2020-06-25,10.9,13.0,10.7,12.2,3734900
2020-06-26,12.1,12.2,11.5,11.9,6012300
2020-06-29,12.0,12.0,11.2,11.4,2742000
2020-06-30,11.2,11.8,11.1,11.5,1585600
2020-07-01,11.8,12.8,11.4,11.5,2439700
2020-07-02,12.2,12.4,11.5,11.8,1657600
2020-07-06,12.1,12.3,11.5,12.0,1753900
2020-07-07,11.5,11.9,11.5,11.7,1149900
2020-07-08,11.4,11.8,11.0,11.3,1549600
2020-07-09,11.2,11.3,10.3,10.6,2129300
2020-07-10,10.0,11.9,10.0,11.6,2590600
2020-07-13,11.7,12.0,11.3,11.4,1434400
2020-07-14,11.2,11.6,11.0,11.3,1171100
2020-07-15,11.8,12.3,11.5,12.2,1831200
2020-07-16,11.8,12.6,11.6,11.7,1453000
2020-07-17,11.8,12.3,11.2,11.2,1217800
2020-07-20,11.4,11.7,11.1,11.2,880300
2020-07-21,11.6,12.4,11.6,12.2,2044800
2020-07-22,11.9,12.5,11.8,12.3,1298500
2020-07-23,12.8,13.4,12.3,12.7,1760900
2020-07-24,13.0,14.5,12.9,13.7,2426300
2020-07-27,14.1,14.2,12.7,13.1,1204400
2020-07-28,12.9,13.3,12.1,12.5,1423700
2020-07-29,12.5,12.9,12.2,12.4,1474600
2020-07-30,12.0,12.1,11.5,11.8,1217700
2020-07-31,11.7,11.8,11.0,11.4,1181900
2020-08-03,11.3,11.9,11.1,11.8,1096600
2020-08-04,11.8,13.0,11.6,12.8,2508500
2020-08-05,11.5,12.9,11.3,11.7,4514300
2020-08-06,11.3,11.6,11.0,11.1,2054000
2020-08-07,11.0,11.2,10.1,10.4,2558500
2020-08-10,9.55,11.1,9.55,10.69,3419800
2020-08-11,11.01,11.59,9.91,10.05,3313700
2020-08-12,10.5,10.51,9.88,10.04,2641500
2020-08-13,9.96,10.3,9.55,9.73,2653000
2020-08-14,9.6,9.76,9.09,9.25,2794000
2020-08-17,9.06,9.21,8.04,8.34,4986900
2020-08-18,8.05,8.6,7.93,8.14,2538700
2020-08-19,8.11,8.29,7.48,7.56,3510100
2020-08-20,7.33,7.38,6.92,7.13,3328900
2020-08-21,7.06,7.15,6.71,6.73,2758900
2020-08-24,6.77,7.25,6.55,6.92,3140900
2020-08-25,7.1,7.37,6.94,7.35,2776600
2020-08-26,7.37,7.46,6.88,6.89,2273400
2020-08-27,6.92,6.97,6.66,6.91,2384800
2020-08-28,6.89,7.05,6.76,6.98,1744800
2020-08-31,7.0,7.0,6.52,6.63,2853100
2020-09-01,6.51,6.6,6.29,6.32,2772000
2020-09-02,6.2,6.25,5.68,5.92,7135800
2020-09-03,5.7,6.4,5.7,6.29,3322600
2020-09-04,6.38,6.49,5.96,6.35,2106500
2020-09-08,6.12,6.19,5.6,5.61,3054600
2020-09-09,5.66,5.73,5.38,5.57,2634500
2020-09-10,5.52,5.55,5.06,5.1,3461100
2020-09-11,5.11,5.35,5.02,5.04,2351600
2020-09-14,5.08,5.43,4.88,5.33,2264600
2020-09-15,5.4,5.86,5.4,5.63,2944700
2020-09-16,5.75,6.33,5.64,6.09,4196200
2020-09-17,5.87,6.25,5.66,5.98,2790500
2020-09-18,5.92,6.07,5.73,5.93,2567900
2020-09-21,5.57,5.66,5.31,5.39,2653000
2020-09-22,5.49,5.65,5.34,5.42,1639900
2020-09-23,5.45,5.53,5.0,5.03,2817900
