date,price,uup,gdp,prod,vader,textblob_polarity
2019-01-01,45.974999999999994,25.045,100.07520432745399,11900.0,0.7176250000000001,0.3920454545454545
2019-01-02,46.54,25.14,100.07443561696415,11906.451612903225,-0.28545,-0.12083333333333335
2019-01-03,47.09,25.0,100.07366690647432,11912.90322580645,-0.21595,-0.013503086419753072
2019-01-04,47.96,24.96,100.07289819598448,11919.354838709678,-0.03564999999999999,0.09579011844636845
2019-01-05,48.14666666666667,24.923333333333336,100.07212948549463,11925.806451612903,-0.425675,-0.06321605188792687
2019-01-06,48.333333333333336,24.886666666666667,100.07136077500479,11932.258064516129,-0.8157,-0.2222222222222222
2019-01-07,48.52,24.85,100.07059206451495,11938.709677419354,0.2821142857142857,0.11547619047619048
2019-01-08,49.78,24.93,100.06982335402512,11945.161290322581,-0.06932499999999998,0.08465307840307841
2019-01-09,52.36,24.7,100.06905464353528,11951.612903225807,0.019625000000000004,-0.023611111111111104
2019-01-10,52.59,24.84,100.06828593304544,11958.064516129032,-0.06046153846153843,0.10167124542124541
2019-01-11,51.59,24.86,100.06751722255561,11964.516129032258,0.0015272727272727092,0.14521103896103896
2019-01-12,51.230000000000004,24.86,100.06674851206577,11970.967741935483,0.40296000000000004,0.39625000000000005
2019-01-13,50.87,24.86,100.06597980157592,11977.41935483871,0.3577166666666667,0.2894345238095238
2019-01-14,50.51,24.86,100.06521109108608,11983.870967741936,-0.13198000000000001,-0.2125
2019-01-15,52.11,24.95,100.06444238059625,11990.322580645161,0.13385454545454545,0.12603305785123967
2019-01-16,52.31,24.98,100.06367367010641,11996.774193548386,-0.15269999999999995,-0.023863636363636354
2019-01-17,52.07,24.98,100.06290495961657,12003.225806451614,0.061266666666666664,0.09760802469135803
2019-01-18,53.8,25.06,100.06213624912674,12009.677419354839,-0.18616666666666667,0.045563973063973064
2019-01-19,53.4925,25.06,100.0613675386369,12016.129032258064,-0.04860833333333334,0.0894486531986532
2019-01-20,53.185,25.06,100.06059882814706,12022.58064516129,0.08894999999999999,0.13333333333333333
2019-01-21,52.8775,25.06,100.05983011765721,12029.032258064517,0.013016666666666662,0.07303240740740741
2019-01-22,52.57,25.06,100.05906140716738,12035.483870967742,-0.06291666666666666,0.012731481481481483
2019-01-23,52.62,25.0,100.05829269667754,12041.935483870968,-0.172675,0.05701839826839829
2019-01-24,53.13,25.15,100.0575239861877,12048.387096774193,-0.18393749999999998,-0.1646875
2019-01-25,53.69,24.94,100.05675527569787,12054.838709677419,-0.1968,-0.033333333333333326
2019-01-26,53.123333333333335,24.94666666666667,100.05598656520803,12061.290322580646,-0.5787,0.05909090909090909
2019-01-27,52.556666666666665,24.953333333333333,100.0552178547182,12067.741935483871,-0.1591,-0.15
2019-01-28,51.99,24.96,100.05444914422836,12074.193548387097,-0.22598000000000001,-0.04010389610389611
2019-01-29,53.31,24.97,100.0536804337385,12080.645161290322,0.021949999999999997,-0.07045454545454545
2019-01-30,54.23,24.84,100.05291172324867,12087.09677419355,-0.24114999999999998,0.065
2019-01-31,53.79,24.89,100.05214301275883,12093.548387096775,-0.2848909090909091,-0.13715608465608464
2019-02-01,55.26,24.89,100.051374302269,12100.0,0.1202222222222222,0.02731481481481481
2019-02-02,55.026666666666664,24.913333333333334,100.0503883054746,12103.57142857143,-0.2523388888888889,0.013657407407407405
2019-02-03,54.79333333333334,24.936666666666667,100.04940230868021,12107.142857142857,-0.6249,0.0
2019-02-04,54.56,24.96,100.04841631188582,12110.714285714286,0.14708333333333332,0.1166666666666667
2019-02-05,53.66,25.03,100.04743031509143,12114.285714285714,-0.1038,0.005555555555555564
2019-02-06,54.01,25.13,100.04644431829703,12117.857142857143,0.23801111111111112,0.17914562289562286
2019-02-07,52.64,25.19,100.04545832150264,12121.42857142857,-0.14028,-0.021428571428571443
2019-02-08,52.72,25.22,100.04447232470825,12125.0,0.029028571428571435,0.16915584415584414
2019-02-09,52.61666666666667,25.25,100.04348632791385,12128.57142857143,-0.14796666666666666,0.05833333333333334
2019-02-10,52.51333333333333,25.279999999999998,100.04250033111947,12132.142857142857,0.12726666666666667,0.13333333333333333
2019-02-11,52.41,25.31,100.04151433432507,12135.714285714286,0.17343750000000002,0.04725378787878788
2019-02-12,53.1,25.23,100.04052833753067,12139.285714285714,0.23115,0.15158730158730158
2019-02-13,53.9,25.36,100.03954234073629,12142.857142857143,-0.12457142857142857,0.022539682539682544
2019-02-14,54.41,25.33,100.03855634394189,12146.42857142857,0.09077,0.17202380952380952
2019-02-15,55.59,25.28,100.0375703471475,12150.0,-0.04307999999999999,-0.009999999999999986
2019-02-16,55.715,25.2575,100.03658435035311,12153.57142857143,0.8933,0.0
2019-02-17,55.84,25.235,100.03559835355871,12157.142857142857,0.43083333333333335,0.3929292929292929
2019-02-18,55.965,25.212500000000002,100.03461235676433,12160.714285714286,0.47908000000000006,0.4366666666666667
2019-02-19,56.09,25.19,100.03362635996993,12164.285714285714,0.023942857142857158,0.05496031746031745
2019-02-20,56.92,25.21,100.03264036317553,12167.857142857143,0.2512,0.012619047619047627
2019-02-21,56.96,25.23,100.03165436638115,12171.42857142857,-0.3991,-0.08166666666666667
2019-02-22,57.26,25.22,100.03066836958675,12175.0,-0.06519090909090909,0.07967876820149546
2019-02-23,56.666666666666664,25.21333333333333,100.02968237279237,12178.57142857143,0.4929666666666666,0.13333333333333333
2019-02-24,56.07333333333333,25.206666666666667,100.02869637599797,12182.142857142857,0.2705833333333333,0.1
2019-02-25,55.48,25.2,100.02771037920357,12185.714285714286,0.048199999999999986,0.06666666666666667
2019-02-26,55.5,25.1,100.02672438240918,12189.285714285714,0.1427,0.07084235209235208
2019-02-27,56.94,25.12,100.02573838561479,12192.857142857143,0.19125,0.08121428571428571
2019-02-28,57.22,25.14,100.0247523888204,12196.42857142857,-0.028528571428571427,0.08571428571428572
2019-03-01,55.8,25.23,100.023766392026,12200.0,0.43331666666666663,0.06764069264069264
2019-03-02,56.06333333333333,25.240000000000002,100.02280921534245,12203.225806451614,0.43035,0.5
2019-03-03,56.32666666666667,25.25,100.0218520386589,12206.451612903225,0.1154,0.0
2019-03-04,56.59,25.26,100.02089486197535,12209.677419354839,0.15794999999999998,0.15716666666666665
2019-03-05,56.56,25.33,100.0199376852918,12212.90322580645,0.0,0.0
2019-03-06,56.22,25.33,100.01898050860825,12216.129032258064,0.0,0.0
2019-03-07,56.66,25.56,100.0180233319247,12219.354838709678,-0.32865,0.0
2019-03-08,56.07,25.48,100.01706615524114,12222.58064516129,-0.008529999999999994,-0.05668452380952381
2019-03-09,56.31,25.46,100.0161089785576,12225.806451612903,-0.004264999999999997,-0.012717261904761905
2019-03-10,56.55,25.44,100.01515180187404,12229.032258064517,0.0,0.03125
2019-03-11,56.79,25.42,100.0141946251905,12232.258064516129,0.18655,0.03409226190476192
2019-03-12,56.87,25.37,100.01323744850694,12235.483870967742,-0.10598888888888888,-0.07916666666666665
2019-03-13,58.26,25.25,100.01228027182339,12238.709677419354,0.026841269841269805,-0.031249999999999986
2019-03-14,58.61,25.33,100.01132309513984,12241.935483870968,0.15967142857142852,0.01666666666666667
2019-03-15,58.52,25.29,100.01036591845629,12245.161290322581,-0.2488,-0.058333333333333334
2019-03-16,58.71,25.28,100.00940874177273,12248.387096774193,-0.1244,-0.029166666666666667
2019-03-17,58.900000000000006,25.27,100.00845156508919,12251.612903225807,0.0,0.0
2019-03-18,59.09,25.26,100.00749438840563,12254.838709677419,0.3759375,0.004987373737373738
2019-03-19,59.03,25.23,100.00653721172208,12258.064516129032,-0.1958,-0.14583333333333334
2019-03-20,59.83,25.09,100.00558003503853,12261.290322580646,-0.031183333333333323,0.253030303030303
2019-03-21,59.98,25.24,100.00462285835498,12264.516129032258,0.7717,-0.1
2019-03-22,59.04,25.29,100.00366568167142,12267.741935483871,-0.0669777777777778,0.0555780022446689
2019-03-23,58.96666666666667,25.29,100.00270850498788,12270.967741935483,-0.16006666666666666,0.10185786435786436
2019-03-24,58.89333333333333,25.29,100.00175132830432,12274.193548387097,0.0,0.0
2019-03-25,58.82,25.29,100.00079415162078,12277.41935483871,-0.11935000000000001,-0.061249999999999985
2019-03-26,59.94,25.37,99.99983697493722,12280.645161290322,0.23391666666666666,-0.05411255411255411
2019-03-27,59.41,25.4,99.99887979825367,12283.870967741936,0.10727142857142859,0.018393127705627704
2019-03-28,59.3,25.49,99.99792262157013,12287.09677419355,-0.1080875,-0.05875
2019-03-29,60.14,25.52,99.99696544488657,12290.322580645161,0.007650000000000011,0.015293560606060599
2019-03-30,60.623333333333335,25.513333333333332,99.99600826820301,12293.548387096775,-0.048725000000000004,0.318452380952381
2019-03-31,61.10666666666667,25.506666666666668,99.99505109151947,12296.774193548386,0.043800000000000006,0.375
2019-04-01,61.59,25.5,99.99409391483591,12300.0,-0.17660000000000003,0.03636363636363636
2019-04-02,62.58,25.53,99.99317849812846,12303.333333333334,-0.04926666666666667,0.02888007054673719
2019-04-03,62.46,25.49,99.99226308142099,12306.666666666666,0.15589999999999998,0.15357142857142853
2019-04-04,62.1,25.52,99.99134766471353,12310.0,0.4215,0.6
2019-04-05,63.08,25.55,99.99043224800607,12313.333333333334,-0.1185666666666667,0.01667718855218855
2019-04-06,63.52,25.52,99.98951683129862,12316.666666666666,0.17020000000000002,0.04545454545454545
2019-04-07,63.96,25.490000000000002,99.98860141459114,12320.0,-0.042666666666666665,0.05833333333333333
2019-04-08,64.4,25.46,99.98768599788369,12323.333333333334,0.0637,0.04629629629629631
2019-04-09,63.98,25.47,99.98677058117623,12326.666666666666,-0.14934999999999998,-0.2818181818181818
2019-04-10,64.61,25.43,99.98585516446877,12330.0,0.10088000000000001,0.028333333333333332
2019-04-11,63.58,25.51,99.9849397477613,12333.333333333334,0.09770000000000001,0.024102368220015272
2019-04-12,63.89,25.45,99.98402433105385,12336.666666666666,0.1092,0.06226851851851852
2019-04-13,63.72666666666667,25.446666666666665,99.98310891434639,12340.0,0.1779,0.16607142857142854
2019-04-14,63.56333333333333,25.443333333333335,99.98219349763893,12343.333333333334,0.8179,0.11833333333333336
2019-04-15,63.4,25.44,99.98127808093146,12346.666666666666,-0.05284285714285713,0.13063595135023706
2019-04-16,64.05,25.5,99.980362664224,12350.0,0.2276,0.3080808080808081
2019-04-17,63.76,25.48,99.97944724751655,12353.333333333334,-0.009599999999999997,0.004861111111111112
2019-04-18,64.0,25.62,99.97853183080908,12356.666666666666,-0.06384000000000002,-0.14064935064935064
2019-04-19,64.425,25.605,99.97761641410162,12360.0,-0.125,0.25
2019-04-20,64.85,25.59,99.97670099739416,12363.333333333334,0.4926,0.625
2019-04-21,65.275,25.575,99.9757855806867,12366.666666666666,0.0,0.0
2019-04-22,65.7,25.56,99.97487016397923,12370.0,-0.3367,0.09
2019-04-23,66.3,25.65,99.97395474727178,12373.333333333334,0.3481,0.04791666666666667
2019-04-24,65.89,25.77,99.97303933056432,12376.666666666666,0.050575,-0.07986111111111112
2019-04-25,65.21,25.82,99.97212391385686,12380.0,0.15439999999999998,0.09105113636363638
2019-04-26,63.3,25.79,99.97120849714939,12383.333333333334,0.10627142857142856,-0.019607297464440326
2019-04-27,63.36666666666667,25.77,99.97029308044193,12386.666666666666,0.2253125,0.219890873015873
2019-04-28,63.43333333333333,25.75,99.96937766373448,12390.0,0.36875,0.2611111111111111
2019-04-29,63.5,25.73,99.96846224702702,12393.333333333334,-0.003418181818181815,0.013707201889020075
2019-04-30,63.91,25.66,99.96754683031955,12396.666666666666,0.13872857142857145,-0.06217403628117914
2019-05-01,63.6,25.69,99.96663141361209,12400.0,-0.09908333333333336,0.020833333333333332
2019-05-02,61.81,25.74,99.96594374894948,12393.548387096775,-0.08268333333333333,0.09999999999999999
2019-05-03,61.94,25.65,99.96525608428689,12387.09677419355,-0.010050000000000003,0.25
2019-05-04,62.04333333333333,25.656666666666666,99.96456841962429,12380.645161290322,0.0,0.10885416666666665
2019-05-05,62.14666666666667,25.663333333333334,99.96388075496168,12374.193548387097,-0.5993,0.125
2019-05-06,62.25,25.67,99.96319309029907,12367.741935483871,0.06642222222222223,0.0025348725348725196
2019-05-07,61.4,25.69,99.96250542563648,12361.290322580646,0.24703333333333335,-0.06666666666666667
2019-05-08,62.12,25.7,99.96181776097387,12354.838709677419,0.064,0.0
2019-05-09,61.7,25.65,99.96113009631127,12348.387096774193,-0.08135,0.07142857142857142
2019-05-10,61.66,25.64,99.96044243164867,12341.935483870968,-0.1801166666666667,-0.06111111111111111
2019-05-11,61.45333333333333,25.64,99.95975476698607,12335.483870967742,0.0,0.1
2019-05-12,61.24666666666666,25.64,99.95906710232346,12329.032258064517,0.09855,0.2393939393939394
2019-05-13,61.04,25.64,99.95837943766085,12322.58064516129,-0.28342500000000004,0.03409090909090909
2019-05-14,61.78,25.7,99.95769177299826,12316.129032258064,0.019200000000000026,0.0893939393939394
2019-05-15,62.02,25.71,99.95700410833565,12309.677419354839,0.1690222222222222,0.08350168350168352
2019-05-16,62.87,25.77,99.95631644367305,12303.225806451614,0.0,0.3
2019-05-17,62.76,25.83,99.95562877901045,12296.774193548386,-0.097475,-0.06941287878787875
2019-05-18,62.873333333333335,25.82333333333333,99.95494111434785,12290.322580645161,-0.4550375,-0.38470643939393934
2019-05-19,62.986666666666665,25.816666666666666,99.95425344968524,12283.870967741936,-0.8126,-0.7
2019-05-20,63.1,25.81,99.95356578502265,12277.41935483871,0.1643142857142857,0.06131725417439704
2019-05-21,62.99,25.85,99.95287812036004,12270.967741935483,0.09762857142857143,0.0021691403834260986
2019-05-22,61.42,25.87,99.95219045569743,12264.516129032258,0.2483333333333334,0.19813492063492064
2019-05-23,57.91,25.82,99.95150279103483,12258.064516129032,-0.1450090909090909,0.10383543224452313
2019-05-24,58.63,25.73,99.95081512637223,12251.612903225807,0.002124999999999988,0.021875000000000002
2019-05-25,58.7575,25.7575,99.95012746170963,12245.161290322581,-0.25822500000000004,0.1293560606060606
2019-05-26,58.885000000000005,25.785,99.94943979704702,12238.709677419354,0.14203749999999998,0.0646780303030303
2019-05-27,59.0125,25.8125,99.94875213238443,12232.258064516129,0.5423,0.0
2019-05-28,59.14,25.84,99.94806446772182,12225.806451612903,0.2586375,-0.0875
2019-05-29,58.81,25.9,99.94737680305921,12219.354838709678,-0.02502499999999999,-0.175
2019-05-30,56.59,25.91,99.94668913839661,12212.90322580645,0.24695,0.15
2019-05-31,53.5,25.8,99.94600147373401,12206.451612903225,0.010820000000000007,0.04159090909090909
2019-06-01,53.416666666666664,25.756666666666668,99.94531380907141,12200.0,-0.07294666666666665,-0.020050505050505055
2019-06-02,53.333333333333336,25.713333333333335,99.94482589848536,12200.0,-0.15671333333333332,-0.0816919191919192
2019-06-03,53.25,25.67,99.94433798789933,12200.0,-0.24047999999999997,-0.14333333333333334
2019-06-04,53.48,25.64,99.94385007731329,12200.0,-0.34632500000000005,-0.07784876543209876
2019-06-05,51.68,25.72,99.94336216672725,12200.0,0.4939,0.06666666666666668
2019-06-06,52.59,25.64,99.94287425614121,12200.0,0.26433333333333336,0.2633333333333333
2019-06-07,53.99,25.53,99.94238634555516,12200.0,-0.5192666666666667,-0.01934343434343434
2019-06-08,53.74666666666667,25.54,99.94189843496913,12200.0,-0.39989682539682536,-0.006384078884078883
2019-06-09,53.50333333333333,25.55,99.94141052438309,12200.0,-0.28052698412698407,0.006575276575276574
2019-06-10,53.26,25.56,99.94092261379706,12200.0,-0.16115714285714283,0.019534632034632033
2019-06-11,53.27,25.57,99.94043470321101,12200.0,0.18660000000000002,0.5375
2019-06-12,51.14,25.64,99.93994679262497,12200.0,-0.162,0.10879629629629632
2019-06-13,52.28,25.66,99.93945888203893,12200.0,-0.47823333333333334,0.14545454545454548
2019-06-14,52.51,25.79,99.93897097145289,12200.0,-0.4404,0.0
2019-06-15,52.31666666666666,25.793333333333333,99.93848306086686,12200.0,-0.42115,0.0
2019-06-16,52.123333333333335,25.796666666666667,99.93799515028081,12200.0,-0.4019,0.0
2019-06-17,51.93,25.8,99.93750723969477,12200.0,0.3659666666666667,0.10833333333333338
2019-06-18,53.9,25.84,99.93701932910874,12200.0,-0.11910000000000001,-0.1375
2019-06-19,53.76,25.72,99.93653141852269,12200.0,-0.03648333333333333,0.09722222222222222
2019-06-20,56.65,25.57,99.93604350793666,12200.0,-0.014066666666666635,-0.09753086419753088
2019-06-21,57.43,25.44,99.93555559735061,12200.0,-0.3953333333333333,-0.034722222222222224
2019-06-22,57.586666666666666,25.426666666666666,99.93506768676457,12200.0,0.4497,0.0
2019-06-23,57.74333333333333,25.413333333333334,99.93457977617854,12200.0,0.0258,0.0
2019-06-24,57.9,25.4,99.93409186559249,12200.0,0.1358777777777778,0.052254689754689755
2019-06-25,57.83,25.46,99.93360395500646,12200.0,-0.19063333333333332,-0.2106060606060606
2019-06-26,59.38,25.48,99.93311604442042,12200.0,-0.10418749999999999,-0.03541666666666665
2019-06-27,59.43,25.48,99.93262813383437,12200.0,0.07276666666666669,0.12094065656565657
2019-06-28,58.47,25.46,99.93214022324834,12200.0,-0.04251666666666668,-0.05694444444444444
2019-06-29,58.67666666666667,25.523333333333333,99.9316523126623,12200.0,-0.013325000000000004,0.0496969696969697
2019-06-30,58.88333333333333,25.586666666666666,99.93116440207626,12200.0,-0.1027,-0.05
2019-07-01,59.09,25.65,99.93067649149022,12200.0,0.18732500000000005,0.1357638888888889
2019-07-02,56.25,25.63,99.93038955922736,12206.451612903225,-0.09262857142857144,0.041298701298701314
2019-07-03,56.67,25.63,99.93010262696453,12212.90322580645,0.17585,0.21250000000000002
2019-07-04,57.089999999999996,25.695,99.92981569470167,12219.354838709678,0.64265,0.26666666666666666
2019-07-05,57.51,25.76,99.92952876243882,12225.806451612903,-0.16519999999999999,0.1090909090909091
2019-07-06,57.559999999999995,25.776666666666667,99.92924183017597,12232.258064516129,0.5927,0.17777777777777778
2019-07-07,57.61,25.793333333333333,99.92895489791313,12238.709677419354,0.41886666666666666,0.11344246031746032
2019-07-08,57.66,25.81,99.92866796565028,12245.161290322581,0.24503333333333333,0.049107142857142856
2019-07-09,57.83,25.83,99.92838103338742,12251.612903225807,-0.10207500000000003,-0.029218749999999988
2019-07-10,60.43,25.72,99.92809410112459,12258.064516129032,-0.21660000000000001,-0.0734287317620651
2019-07-11,60.2,25.72,99.92780716886173,12264.516129032258,-0.3454,-0.048358585858585865
2019-07-12,60.21,25.68,99.92752023659888,12270.967741935483,0.0,0.01952861952861952
2019-07-13,60.0,25.69333333333333,99.92723330433603,12277.41935483871,-0.3182,0.0
2019-07-14,59.79,25.706666666666667,99.92694637207319,12283.870967741936,-0.22145,-0.06590909090909092
2019-07-15,59.58,25.72,99.92665943981034,12290.322580645161,-0.110725,-0.03295454545454546
2019-07-16,57.62,25.83,99.92637250754748,12296.774193548386,0.0,0.0
2019-07-17,56.78,25.78,99.92608557528465,12303.225806451614,0.19166666666666665,0.06666666666666667
2019-07-18,55.3,25.65,99.92579864302179,12309.677419354839,0.3833333333333333,0.13333333333333333
2019-07-19,55.63,25.77,99.92551171075894,12316.129032258064,-0.23724000000000003,0.14727272727272728
2019-07-20,55.82666666666667,25.786666666666665,99.9252247784961,12322.58064516129,-0.017470000000000013,0.07363636363636364
2019-07-21,56.02333333333333,25.803333333333335,99.92493784623325,12329.032258064517,0.2023,0.0
2019-07-22,56.22,25.82,99.9246509139704,12335.483870967742,0.099275,0.053750000000000006
2019-07-23,56.77,25.94,99.92436398170754,12341.935483870968,-0.04400000000000001,0.544047619047619
2019-07-24,55.88,25.94,99.9240770494447,12348.387096774193,0.0,0.0
2019-07-25,56.02,25.99,99.92379011718185,12354.838709677419,-0.2139,0.0
2019-07-26,56.2,26.03,99.923503184919,12361.290322580646,-0.4278,0.0
2019-07-27,56.42333333333333,26.03666666666667,99.92321625265616,12367.741935483871,-0.14989999999999998,0.0
2019-07-28,56.64666666666667,26.043333333333333,99.92292932039331,12374.193548387097,0.128,0.0
2019-07-29,56.87,26.05,99.92264238813046,12380.645161290322,-0.5869,-0.15833333333333333
2019-07-30,58.05,26.05,99.9223554558676,12387.09677419355,0.42985,0.13333333333333336
2019-07-31,58.58,26.21,99.92206852360476,12393.548387096775,0.0932875,0.19627976190476187
2019-08-01,53.95,26.13,99.92178159134191,12400.0,0.1407,0.0008333333333333304
2019-08-02,55.66,26.07,99.92164780984365,12400.0,0.197875,-0.06862373737373736
2019-08-03,55.336666666666666,26.026666666666667,99.9215140283454,12400.0,0.128,0.0
2019-08-04,55.01333333333333,25.983333333333334,99.92138024684714,12400.0,0.32136666666666663,0.022727272727272724
2019-08-05,54.69,25.94,99.92124646534887,12400.0,0.4019,0.0
2019-08-06,53.63,25.97,99.92111268385062,12400.0,0.28836666666666666,-0.017424242424242422
2019-08-07,51.09,25.95,99.92097890235236,12400.0,-0.7646999999999999,-0.027992424242424256
2019-08-08,52.54,25.97,99.9208451208541,12400.0,-0.27975,-0.1353693181818182
2019-08-09,54.5,25.94,99.92071133935585,12400.0,-0.10545555555555552,0.07246873496873497
2019-08-10,54.64333333333333,25.933333333333334,99.92057755785758,12400.0,0.22222222222222227,0.21480579605579608
2019-08-11,54.78666666666667,25.92666666666667,99.92044377635933,12400.0,0.5499,0.35714285714285715
2019-08-12,54.93,25.92,99.92030999486107,12400.0,-0.13875,0.06109814664502164
2019-08-13,57.1,26.04,99.92017621336281,12400.0,-0.52535,0.0
2019-08-14,55.23,26.1,99.92004243186456,12400.0,0.009460000000000014,0.14500000000000002
2019-08-15,54.47,26.12,99.9199086503663,12400.0,-0.27993999999999997,-0.021227272727272727
2019-08-16,54.87,26.14,99.91977486886803,12400.0,0.0,-0.4
2019-08-17,55.31666666666666,26.16,99.91964108736978,12400.0,-0.13393333333333332,0.0
2019-08-18,55.763333333333335,26.18,99.91950730587152,12400.0,-0.4215,-0.15625
2019-08-19,56.21,26.2,99.91937352437326,12400.0,0.013374999999999998,0.159375
2019-08-20,56.34,26.14,99.919239742875,12400.0,0.028984615384615404,0.005716783216783223
2019-08-21,55.68,26.17,99.91910596137674,12400.0,0.25676,0.08804761904761903
2019-08-22,55.35,26.15,99.91897217987848,12400.0,0.05678,0.03902380952380953
2019-08-23,54.17,26.0,99.91883839838023,12400.0,0.25639999999999996,0.04953703703703703
2019-08-24,53.99333333333333,26.046666666666667,99.91870461688197,12400.0,-0.1531,0.0
2019-08-25,53.81666666666667,26.093333333333334,99.91857083538372,12400.0,0.6124,0.16666666666666666
2019-08-26,53.64,26.14,99.91843705388546,12400.0,0.16773333333333332,0.19286616161616163
2019-08-27,54.93,26.12,99.91830327238719,12400.0,-0.20195,-0.01887626262626263
2019-08-28,55.78,26.18,99.91816949088894,12400.0,0.2107818181818182,0.02727272727272728
2019-08-29,56.71,26.24,99.91803570939068,12400.0,0.10765,-0.1625
2019-08-30,55.1,26.34,99.91790192789242,12400.0,0.01417142857142857,0.06191499543540361
2019-08-31,54.81,26.355,99.91776814639417,12400.0,-0.35211428571428577,0.030957497717701805
2019-09-01,54.519999999999996,26.369999999999997,99.9176343648959,12400.0,-0.7184,0.0
2019-09-02,54.23,26.384999999999998,99.91765186425157,12406.666666666666,0.58805,0.5
2019-09-03,53.94,26.4,99.91766936360725,12413.333333333334,-0.0037499999999999756,0.125
2019-09-04,56.26,26.23,99.91768686296291,12420.0,0.2893333333333334,0.06861111111111111
2019-09-05,56.3,26.24,99.91770436231859,12426.666666666666,-0.042499999999999996,0.12345454545454546
2019-09-06,56.52,26.25,99.91772186167425,12433.333333333334,-0.005377777777777747,0.14981481481481485
2019-09-07,56.96333333333334,26.236666666666668,99.91773936102993,12440.0,-0.5622,-0.05833333333333331
2019-09-08,57.406666666666666,26.223333333333333,99.9177568603856,12446.666666666666,-0.24695,-0.25
2019-09-09,57.85,26.21,99.91777435974126,12453.333333333334,0.127,0.0
2019-09-10,57.4,26.23,99.91779185909694,12460.0,0.05073333333333333,0.05000000000000001
2019-09-11,55.75,26.31,99.9178093584526,12466.666666666666,0.05210000000000002,0.21998106060606062
2019-09-12,55.09,26.23,99.91782685780828,12473.333333333334,0.17435714285714285,0.1698670377241806
2019-09-13,54.85,26.2,99.91784435716394,12480.0,0.13011250000000002,0.22531960227272724
2019-09-14,57.53333333333333,26.236666666666665,99.91786185651962,12486.666666666666,-0.12215555555555555,-0.10576131687242799
2019-09-15,60.21666666666667,26.273333333333333,99.91787935587529,12493.333333333334,-0.12688000000000002,0.06666666666666667
2019-09-16,62.9,26.31,99.91789685523096,12500.0,-0.21410588235294117,-0.028709893048128345
2019-09-17,59.34,26.2,99.91791435458663,12506.666666666666,0.12531428571428574,0.1758116883116883
2019-09-18,58.11,26.29,99.91793185394229,12513.333333333334,-0.03710000000000002,-0.375
2019-09-19,58.13,26.23,99.91794935329797,12520.0,0.13791249999999994,0.06722808441558442
2019-09-20,58.09,26.3,99.91796685265363,12526.666666666666,-0.14901428571428577,0.04287698412698414
2019-09-21,58.27333333333333,26.313333333333333,99.91798435200931,12533.333333333334,0.38075000000000003,0.675
2019-09-22,58.45666666666667,26.326666666666668,99.91800185136498,12540.0,0.05103333333333334,0.08333333333333333
2019-09-23,58.64,26.34,99.91801935072066,12546.666666666666,-0.3975666666666667,0.044722222222222226
2019-09-24,57.29,26.24,99.91803685007632,12553.333333333334,-0.167575,-0.034375
2019-09-25,56.49,26.45,99.91805434943198,12560.0,0.43895999999999996,0.16017045454545453
2019-09-26,56.41,26.52,99.91807184878766,12566.666666666666,-0.38122,0.138763986013986
2019-09-27,55.91,26.48,99.91808934814333,12573.333333333334,0.32230000000000003,0.21931818181818183
2019-09-28,55.29666666666667,26.51,99.918106847499,12580.0,0.49285,0.18644480519480522
2019-09-29,54.68333333333333,26.54,99.91812434685467,12586.666666666666,0.6634,0.1535714285714286
2019-09-30,54.07,26.57,99.91814184621035,12593.333333333334,-0.087125,0.03733333333333333
2019-10-01,53.62,26.48,99.91815934556601,12600.0,0.04576666666666667,0.12496632996632998
2019-10-02,52.64,26.46,99.91834330728268,12609.677419354839,-0.21943333333333337,-0.1261111111111111
2019-10-03,52.45,26.45,99.91852726899936,12619.354838709678,-0.45515,0.0
2019-10-04,52.81,26.43,99.91871123071603,12629.032258064517,0.31628571428571434,0.12767857142857142
2019-10-05,52.79,26.446666666666665,99.9188951924327,12638.709677419354,-0.09534999999999999,-0.2431818181818181
2019-10-06,52.77,26.463333333333335,99.91907915414937,12648.387096774193,0.2732,0.0
2019-10-07,52.75,26.48,99.91926311586603,12658.064516129032,-0.19074000000000005,0.17431818181818182
2019-10-08,52.63,26.52,99.9194470775827,12667.741935483871,0.20133333333333334,0.19751984126984126
2019-10-09,52.59,26.5,99.91963103929938,12677.41935483871,0.18740666666666667,0.13194444444444448
2019-10-10,53.55,26.39,99.91981500101605,12687.09677419355,0.09790000000000001,0.09102693602693603
2019-10-11,54.7,26.29,99.91999896273272,12696.774193548386,0.23555200000000004,0.11071151996151997
2019-10-12,54.330000000000005,26.316666666666666,99.92018292444939,12706.451612903225,-0.1237166666666667,-0.08611111111111112
2019-10-13,53.96,26.343333333333334,99.92036688616606,12716.129032258064,0.1786,0.05454545454545455
2019-10-14,53.59,26.37,99.92055084788274,12725.806451612903,0.2217615384615384,0.08257289007289006
2019-10-15,52.81,26.29,99.92073480959941,12735.483870967742,0.18818,0.05855555555555554
2019-10-16,53.36,26.22,99.92091877131608,12745.161290322581,0.19277777777777777,0.032539682539682535
2019-10-17,53.93,26.13,99.92110273303274,12754.838709677419,0.3778000000000001,0.1164802414021164
2019-10-18,53.78,26.03,99.92128669474941,12764.516129032258,0.07748888888888887,0.16149290524290524
2019-10-19,53.623333333333335,26.03666666666667,99.92147065646608,12774.193548387097,-0.5842,0.0
2019-10-20,53.46666666666667,26.043333333333333,99.92165461818276,12783.870967741936,0.5901,0.1875
2019-10-21,53.31,26.05,99.92183857989943,12793.548387096775,0.034583333333333334,0.08765031265031265
2019-10-22,54.16,26.11,99.9220225416161,12803.225806451614,0.21285,0.04583333333333333
2019-10-23,55.97,26.1,99.92220650333277,12812.90322580645,0.1577111111111111,-0.014208553791887124
2019-10-24,56.23,26.18,99.92239046504945,12822.58064516129,0.42665714285714296,0.19116402116402115
2019-10-25,56.66,26.21,99.92257442676612,12832.258064516129,0.15684444444444445,0.09901234567901233
2019-10-26,56.376666666666665,26.203333333333333,99.92275838848279,12841.935483870968,-0.4019,0.10714285714285714
2019-10-27,56.093333333333334,26.19666666666667,99.92294235019945,12851.612903225807,0.09387142857142859,0.27277558750773034
2019-10-28,55.81,26.19,99.92312631191612,12861.290322580646,0.17882307692307692,0.13105995855995853
2019-10-29,55.54,26.18,99.9233102736328,12870.967741935485,-0.015059999999999992,0.04285714285714286
2019-10-30,55.06,26.12,99.92349423534947,12880.645161290322,0.1303090909090909,0.12992424242424241
2019-10-31,54.18,26.07,99.92367819706614,12890.322580645161,0.05570999999999998,0.03732771164021163
2019-11-01,56.2,26.06,99.92386215878281,12900.0,0.3348034482758621,0.09466231485628039
2019-11-02,56.31333333333333,26.093333333333334,99.92423785643085,12900.0,-0.4939,0.0
2019-11-03,56.42666666666667,26.126666666666665,99.92461355407887,12900.0,0.037550000000000014,0.09360795454545454
2019-11-04,56.54,26.16,99.92498925172691,12900.0,0.21514545454545456,0.022592592592592584
2019-11-05,57.23,26.25,99.92536494937494,12900.0,0.399225,0.11666666666666665
2019-11-06,56.35,26.25,99.92574064702298,12900.0,0.07221111111111114,0.02592592592592592
2019-11-07,57.15,26.31,99.92611634467102,12900.0,-0.10788888888888887,0.0287037037037037
2019-11-08,57.24,26.37,99.92649204231904,12900.0,0.28266,0.10222222222222221
2019-11-09,57.11333333333334,26.356666666666666,99.92686773996708,12900.0,0.12345777777777778,0.09509259259259259
2019-11-10,56.986666666666665,26.343333333333334,99.9272434376151,12900.0,-0.03574444444444444,0.08796296296296297
2019-11-11,56.86,26.33,99.92761913526314,12900.0,0.698075,0.2075
2019-11-12,56.8,26.37,99.92799483291118,12900.0,0.4573,0.17129629629629628
2019-11-13,57.12,26.36,99.9283705305592,12900.0,0.28568333333333334,0.08055555555555555
2019-11-14,56.77,26.34,99.92874622820725,12900.0,0.034487500000000025,0.04793402777777778
2019-11-15,57.72,26.28,99.92912192585527,12900.0,0.228625,0.04304166666666667
2019-11-16,57.49666666666666,26.263333333333335,99.92949762350331,12900.0,0.13266250000000002,0.005895833333333336
2019-11-17,57.27333333333333,26.246666666666666,99.92987332115135,12900.0,0.03670000000000001,-0.03125
2019-11-18,57.05,26.23,99.93024901879937,12900.0,-0.0007142857142856911,0.026058201058201055
2019-11-19,55.21,26.26,99.93062471644741,12900.0,0.14464000000000002,0.07923148148148147
2019-11-20,57.11,26.26,99.93100041409544,12900.0,-0.052239999999999974,0.2
2019-11-21,58.58,26.3,99.93137611174348,12900.0,0.35172142857142863,0.0699571185617104
2019-11-22,57.77,26.38,99.93175180939151,12900.0,-0.07676923076923076,0.013221916971916974
2019-11-23,57.85,26.386666666666667,99.93212750703954,12900.0,0.4125,0.4
2019-11-24,57.93,26.39333333333333,99.93250320468758,12900.0,0.0,0.05
2019-11-25,58.01,26.4,99.9328789023356,12900.0,0.09366923076923075,0.076001221001221
2019-11-26,58.41,26.37,99.93325459998364,12900.0,0.19158125,0.08789620535714285
2019-11-27,58.11,26.41,99.93363029763168,12900.0,0.0556875,0.09856522817460318
2019-11-28,57.68,26.395,99.9340059952797,12900.0,0.4948333333333334,0.6666666666666666
2019-11-29,57.25,26.38,99.93438169292774,12900.0,-0.12388461538461537,0.02841778591778591
2019-11-30,56.82,26.343333333333334,99.93475739057577,12900.0,0.4215,0.10833333333333334
2019-12-01,56.39,26.306666666666665,99.93513308822381,12900.0,0.303925,0.12575757575757576
2019-12-02,55.96,26.27,99.93564992882106,12900.0,0.08455625,0.07485006313131314
2019-12-03,56.1,26.24,99.93616676941832,12900.0,0.14793333333333333,0.07777777777777778
2019-12-04,58.43,26.22,99.93668361001558,12900.0,0.21130909090909092,0.152612160566706
2019-12-05,58.43,26.16,99.93720045061283,12900.0,0.003466666666666662,0.13145923520923522
2019-12-06,59.2,26.25,99.93771729121009,12900.0,0.174325,0.12101346801346799
2019-12-07,59.14,26.24,99.93823413180735,12900.0,0.259625,0.1056547619047619
2019-12-08,59.080000000000005,26.23,99.9387509724046,12900.0,0.0,-0.05
2019-12-09,59.02,26.22,99.93926781300188,12900.0,0.2105,0.11208333333333334
2019-12-10,59.24,26.2,99.93978465359913,12900.0,0.22948461538461537,0.08441903004403004
2019-12-11,58.76,26.1,99.94030149419639,12900.0,0.05649310344827585,0.053627238251622494
2019-12-12,59.18,26.14,99.94081833479365,12900.0,0.15538823529411763,0.04718116458704694
2019-12-13,60.07,26.14,99.9413351753909,12900.0,0.11576,0.0603968253968254
2019-12-14,60.11666666666667,26.123333333333335,99.94185201598816,12900.0,0.24695,-0.1
2019-12-15,60.163333333333334,26.106666666666666,99.94236885658542,12900.0,-0.06132,0.03571428571428571
2019-12-16,60.21,26.09,99.94288569718267,12900.0,0.01262499999999999,0.05764756944444445
2019-12-17,60.94,26.14,99.94340253777993,12900.0,0.33142666666666665,0.030892416225749557
2019-12-18,60.93,26.19,99.94391937837719,12900.0,0.20385294117647063,0.023632314036725794
2019-12-19,61.22,26.19,99.94443621897445,12900.0,0.09332500000000002,-0.017777777777777774
2019-12-20,60.44,26.27,99.9449530595717,12900.0,0.13451875,0.16495535714285714
2019-12-21,60.46666666666667,26.266666666666666,99.94546990016896,12900.0,0.018933333333333358,0.24444444444444444
2019-12-22,60.49333333333333,26.263333333333335,99.94598674076622,12900.0,0.16281111111111113,-0.04997474747474748
2019-12-23,60.52,26.26,99.94650358136347,12900.0,0.15233947368421055,0.0979547827903091
2019-12-24,60.906666666666666,26.26,99.94702042196073,12900.0,0.08531666666666667,0.1113425925925926
2019-12-25,61.29333333333334,26.240000000000002,99.947537262558,12900.0,0.3741666666666667,0.3
2019-12-26,61.68,26.22,99.94805410315526,12900.0,0.19435789473684212,0.15524519632414369
2019-12-27,61.72,26.09,99.94857094375251,12900.0,-0.08637000000000002,-0.00803030303030303
2019-12-28,61.70666666666666,26.073333333333334,99.94908778434977,12900.0,0.01823333333333335,0.04886363636363636
2019-12-29,61.693333333333335,26.056666666666665,99.94960462494703,12900.0,0.008737500000000002,-0.022083333333333326
2019-12-30,61.68,26.04,99.95012146554429,12900.0,0.20267999999999997,0.13066666666666665
2019-12-31,61.06,25.97,99.95063830614154,12900.0,0.15852962962962966,0.1306132756132756
2020-01-01,61.120000000000005,26.015,99.9511551467388,12900.0,0.15622499999999997,0.05909090909090908
2020-01-02,61.18,26.06,99.95178503609743,12906.451612903225,0.18167,0.16599777537277535
2020-01-03,63.05,26.09,99.95241492545605,12912.90322580645,0.03922105263157894,0.0821441545783651
2020-01-04,63.123333333333335,26.07,99.95304481481469,12919.354838709678,-0.18994999999999998,-0.044113005050505055
2020-01-05,63.196666666666665,26.05,99.95367470417331,12925.806451612903,0.13461666666666666,0.08628246753246754
2020-01-06,63.27,26.03,99.95430459353194,12932.258064516129,-0.08121206896551725,0.039325259100505404
2020-01-07,62.7,26.12,99.95493448289056,12938.709677419354,0.18452380952380948,0.1154018930804645
2020-01-08,59.61,26.19,99.9555643722492,12945.161290322581,0.11244431818181817,0.09246341253443525
2020-01-09,59.56,26.24,99.95619426160783,12951.612903225807,0.16720000000000002,0.13457186662543807
2020-01-10,59.04,26.22,99.95682415096645,12958.064516129032,0.1340891891891892,0.12894994832494833
2020-01-11,58.72,26.22,99.95745404032509,12964.516129032258,0.1293125,0.09690814393939395
2020-01-12,58.4,26.22,99.95808392968371,12970.967741935483,-0.004100000000000002,0.07500000000000001
2020-01-13,58.08,26.22,99.95871381904234,12977.41935483871,0.1381864864864865,0.10124626249626252
2020-01-14,58.23,26.23,99.95934370840098,12983.870967741936,0.05650500000000001,-0.04941269841269844
2020-01-15,57.81,26.19,99.9599735977596,12990.322580645161,0.2112395348837209,0.10993131061445012
2020-01-16,58.52,26.23,99.96060348711823,12996.774193548386,0.14194074074074078,0.11684553872053874
2020-01-17,58.54,26.32,99.96123337647686,13003.225806451614,0.10882340425531917,0.07688610394727419
2020-01-18,58.49,26.315,99.96186326583549,13009.677419354839,0.3627555555555555,0.10737433862433862
2020-01-19,58.44,26.310000000000002,99.96249315519411,13016.129032258064,0.09043333333333332,0.11541666666666668
2020-01-20,58.39,26.305,99.96312304455275,13022.58064516129,0.017793333333333345,0.04138308682058682
2020-01-21,58.34,26.3,99.96375293391138,13029.032258064517,0.05922608695652176,0.07981366459627329
2020-01-22,56.74,26.28,99.96438282327,13035.483870967742,0.17215000000000005,0.07448743386243384
2020-01-23,55.59,26.35,99.96501271262863,13041.935483870968,-0.02251851851851853,0.05151141040029929
2020-01-24,54.19,26.39,99.96564260198726,13048.387096774193,0.2035103448275862,0.13736806695858422
2020-01-25,53.415,26.403333333333332,99.96627249134589,13054.838709677419,0.376244,0.10614470899470899
2020-01-26,52.64,26.416666666666668,99.96690238070452,13061.290322580646,-0.07448333333333333,0.06286525974025974
2020-01-27,53.14,26.43,99.96753227006315,13067.741935483871,0.018556756756756755,0.0740347002847003
2020-01-28,53.48,26.43,99.96816215942178,13074.193548387097,0.1884526315789474,0.14618010936431985
2020-01-29,53.33,26.47,99.9687920487804,13080.645161290322,0.12006842105263157,0.136039673046252
2020-01-30,52.14,26.39,99.96942193813904,13087.09677419355,0.09437142857142858,0.021198163608877888
2020-01-31,51.56,26.28,99.97005182749766,13093.548387096775,0.005200000000000006,0.0631294582610372
2020-02-01,51.285,26.323333333333334,99.97068171685629,13100.0,-0.0781857142857143,0.049999999999999996
2020-02-02,51.01,26.366666666666667,99.80059214818935,13096.551724137931,0.03779999999999999,0.1179102564102564
2020-02-03,50.11,26.41,99.63050257952241,13093.103448275862,-0.0023823529411764613,0.04582774523950992
2020-02-04,49.61,26.45,99.46041301085546,13089.655172413793,0.2080060606060606,0.1467143021120294
2020-02-05,50.75,26.55,99.29032344218852,13086.206896551725,0.14998775510204082,0.10843638645934565
2020-02-06,50.95,26.6,99.12023387352158,13082.758620689656,0.06416388888888888,0.09145954418523863
2020-02-07,50.32,26.66,98.95014430485465,13079.310344827587,0.14760000000000004,0.1122616598079561
2020-02-08,50.04,26.673333333333332,98.78005473618771,13075.862068965518,0.08532272727272727,0.06719155844155843
2020-02-09,49.76,26.686666666666667,98.60996516752077,13072.413793103447,0.3828142857142857,0.0696141774891775
2020-02-10,49.57,26.7,98.43987559885382,13068.965517241379,0.04336470588235295,0.08291035795631384
2020-02-11,49.94,26.67,98.26978603018688,13065.51724137931,0.15394285714285713,0.06350194386466708
2020-02-12,51.17,26.74,98.09969646151994,13062.068965517241,0.05629444444444445,0.05940995604190048
2020-02-13,51.42,26.77,97.929606892853,13058.620689655172,0.20041428571428574,0.11638950731807875
2020-02-14,52.05,26.76,97.75951732418606,13055.172413793103,0.20951052631578948,0.11085584858611175
2020-02-15,52.114999999999995,26.785,97.58942775551913,13051.724137931034,0.22890000000000002,0.06382538930976432
2020-02-16,52.18,26.810000000000002,97.41933818685217,13048.275862068966,0.08794375,0.008179563492063488
2020-02-17,52.114999999999995,26.835,97.24924861818523,13044.827586206897,0.19559166666666664,0.06168650793650793
2020-02-18,52.05,26.86,97.0791590495183,13041.379310344828,0.23620000000000005,0.06849018759018759
2020-02-19,53.29,26.91,96.90906948085136,13037.931034482759,0.17062075471698115,0.07865532571900496
2020-02-20,53.78,26.99,96.73897991218442,13034.48275862069,0.17911967213114754,0.1059996077086241
2020-02-21,53.38,26.83,96.56889034351748,13031.034482758621,-0.02403749999999999,0.02784444143819144
2020-02-22,52.730000000000004,26.833333333333332,96.39880077485053,13027.586206896553,0.16340833333333335,0.14722222222222223
2020-02-23,52.08,26.836666666666666,96.22871120618359,13024.137931034482,-0.02943636363636364,-0.07550505050505049
2020-02-24,51.43,26.84,96.05862163751665,13020.689655172413,0.07185833333333332,0.07512864257655923
2020-02-25,49.9,26.76,95.88853206884971,13017.241379310344,0.0817265306122449,0.07451572331674372
2020-02-26,48.73,26.78,95.71844250018277,13013.793103448275,0.017527777777777784,0.03757994406142554
2020-02-27,47.09,26.62,95.54835293151584,13010.344827586207,0.01820333333333331,0.08242782320560102
2020-02-28,44.76,26.53,95.37826336284888,13006.896551724138,0.07094883720930233,0.059887292358803995
2020-02-29,44.665,26.483333333333334,95.20817379418195,13003.448275862069,0.12366363636363636,0.11249494402903493
2020-03-01,44.57,26.436666666666667,95.03808422551501,13000.0,0.06807222222222224,0.12718820861678004
2020-03-02,46.75,26.39,94.93700283001962,12970.967741935483,0.019580000000000004,0.06655741027050552
2020-03-03,47.18,26.28,94.83592143452425,12941.935483870968,-0.03487727272727272,0.028343420873859194
2020-03-04,46.78,26.37,94.73484003902887,12912.90322580645,0.1603753246753247,0.12690710443957195
2020-03-05,45.9,26.17,94.6337586435335,12883.870967741936,0.11216229508196719,0.1294388430980937
2020-03-06,41.28,26.02,94.53267724803811,12854.838709677419,0.00988676470588235,0.10833693199502026
2020-03-07,36.91,25.926666666666666,94.43159585254274,12825.806451612903,0.06206730769230768,0.06135521687307403
2020-03-08,32.54,25.833333333333332,94.33051445704736,12796.774193548386,0.08937926829268295,0.09713185132392449
2020-03-09,31.13,25.74,94.22943306155199,12767.741935483871,0.01701261261261267,0.0609535347035347
2020-03-10,34.36,26.12,94.1283516660566,12738.709677419354,0.049648214285714296,0.09708661873840443
2020-03-11,32.98,26.16,94.02727027056123,12709.677419354839,-0.0004830769230769207,0.03518356521378499
2020-03-12,31.5,26.44,93.92618887506585,12680.645161290322,0.06495274725274726,0.08864516624720706
2020-03-13,31.73,27.44,93.82510747957048,12651.612903225807,0.1406409836065574,0.0785684124618551
2020-03-14,31.07,27.14666666666667,93.72402608407509,12622.58064516129,0.06312678571428572,0.14022105622552047
2020-03-15,30.41,26.85333333333333,93.62294468857972,12593.548387096775,0.09066216216216216,0.07723140973140973
2020-03-16,28.7,26.56,93.52186329308434,12564.516129032258,0.0605654761904762,0.09508760650724939
2020-03-17,26.95,27.03,93.42078189758897,12535.483870967742,0.05337788461538463,0.10711059050902796
2020-03-18,20.37,27.44,93.31970050209358,12506.451612903225,0.04047867647058823,0.051706311972677034
2020-03-19,25.22,28.09,93.21861910659821,12477.41935483871,0.04540377358490565,0.06832873036292847
2020-03-20,22.43,28.01,93.11753771110283,12448.387096774193,0.01098709677419355,0.04322261631737439
2020-03-21,21.985,27.996666666666666,93.01645631560746,12419.354838709678,0.17672264150943395,0.13158404899981718
2020-03-22,21.54,27.983333333333334,92.91537492011207,12390.322580645161,0.1944666666666667,0.1879113756613757
2020-03-23,23.36,27.97,92.8142935246167,12361.290322580646,0.14510427350427355,0.0944513357013357
2020-03-24,24.01,27.65,92.71321212912132,12332.258064516129,0.08603835616438354,0.05098096271163786
2020-03-25,24.49,27.39,92.61213073362595,12303.225806451614,0.06609999999999996,0.04832954101909022
2020-03-26,22.6,26.95,92.51104933813056,12274.193548387097,0.08157200000000002,0.09121428385899812
2020-03-27,21.51,26.73,92.40996794263519,12245.161290322581,0.101153125,0.09368539481764929
2020-03-28,20.895000000000003,26.77,92.3088865471398,12216.129032258064,0.0737142857142857,0.15141819985569985
2020-03-29,20.28,26.810000000000002,92.20780515164444,12187.09677419355,0.04305555555555557,0.06442955347122015
2020-03-30,20.09,26.85,92.10672375614905,12158.064516129032,0.06980555555555555,0.02005733425525092
2020-03-31,20.48,26.83,92.00564236065367,12129.032258064515,0.11833518518518515,0.11256707284485064
2020-04-01,20.31,27.0,91.9045609651583,12100.0,0.013770873786407763,0.07367690427156448
2020-04-02,25.32,27.14,91.84988504137067,12070.0,0.16581145833333336,0.14122643222903639
2020-04-03,28.34,27.29,91.79520911758306,12040.0,0.017286538461538457,0.10800687621736735
2020-04-04,27.586666666666666,27.293333333333333,91.74053319379544,12010.0,0.16748863636363642,0.11553048750491932
2020-04-05,26.833333333333332,27.296666666666667,91.68585727000782,11980.0,0.1083909090909091,0.07296533152593758
2020-04-06,26.08,27.3,91.63118134622019,11950.0,0.02259661016949153,0.02835213922925787
2020-04-07,23.63,27.05,91.57650542243258,11920.0,0.13303023255813948,0.10844776670358067
2020-04-08,25.09,27.15,91.52182949864496,11890.0,0.0282657894736842,0.10545112781954885
2020-04-09,22.76,26.95,91.46715357485733,11860.0,0.014720754716981132,0.018954759862778732
2020-04-10,22.903333333333336,26.939999999999998,91.41247765106971,11830.0,0.16886935483870968,0.12820806471008084
2020-04-11,23.046666666666667,26.93,91.3578017272821,11800.0,0.18698400000000004,0.12244588744588743
2020-04-12,23.19,26.92,91.30312580349448,11770.0,0.07496249999999999,0.13811770044191918
2020-04-13,22.41,26.91,91.24844987970685,11740.0,-0.10208958333333333,0.08228411174789015
2020-04-14,20.11,26.76,91.19377395591923,11710.0,-0.06921999999999998,0.043398262385762394
2020-04-15,19.87,26.96,91.13909803213161,11680.0,0.06092718446601941,0.08684684629466181
2020-04-16,19.87,27.08,91.084422108344,11650.0,0.0990806451612903,0.10832368035190619
2020-04-17,18.27,27.01,91.02974618455637,11620.0,0.05066557377049181,0.12628225857324216
2020-04-18,17.655,27.040000000000003,90.97507026076875,11590.0,-0.02850000000000001,-0.021781964380648586
2020-04-19,17.04,27.07,90.92039433698113,11560.0,-0.02768125000000001,0.10621843434343436
2020-04-20,-37.63,27.1,90.86571841319352,11530.0,0.07679363636363637,0.11779327637850366
2020-04-21,10.01,27.14,90.81104248940589,11500.0,0.05349999999999999,0.05464901890545919
2020-04-22,13.78,27.22,90.75636656561826,11470.0,0.02346274509803921,0.0760043861820823
2020-04-23,16.5,27.23,90.70169064183065,11440.0,0.10807906976744189,0.09622742164166584
2020-04-24,16.94,27.17,90.64701471804304,11410.0,0.01435606060606061,0.06094700067048553
2020-04-25,16.805,27.14666666666667,90.59233879425541,11380.0,0.25034285714285714,0.17397426647426648
2020-04-26,16.67,27.123333333333335,90.53766287046778,11350.0,0.11533793103448274,0.1263994937055282
2020-04-27,12.78,27.1,90.48298694668017,11320.0,0.08634255319148937,0.1466861209613869
2020-04-28,12.34,27.07,90.42831102289256,11290.0,0.06678382352941176,0.05353224623182605
2020-04-29,15.06,26.96,90.37363509910493,11260.0,-0.0010524390243902553,0.05177930876711364
2020-04-30,18.84,26.79,90.3189591753173,11230.0,0.05788405797101447,0.11029292667879628
2020-05-01,19.78,26.82,90.26428325152969,11200.0,0.124374358974359,0.10769450456950458
2020-05-02,19.195,26.87,90.26428325152969,11193.548387096775,0.0859181818181818,0.0686961607416153
2020-05-03,18.61,26.919999999999998,90.26428325152969,11187.09677419355,0.13314615384615386,0.01235597735597736
2020-05-04,20.39,26.97,90.26428325152969,11180.645161290322,0.17324390243902435,0.12410265023723212
2020-05-05,24.56,26.99,90.26428325152969,11174.193548387097,0.04222033898305084,0.15966351366775097
2020-05-06,23.99,27.12,90.26428325152969,11167.741935483871,-0.002264912280701762,0.023201406293511553
2020-05-07,23.55,27.04,90.26428325152969,11161.290322580646,-0.000946341463414622,0.09016562987599576
2020-05-08,24.74,27.03,90.26428325152969,11154.838709677419,-0.011093877551020419,0.06795945362271893
2020-05-09,24.7,27.063333333333333,90.26428325152969,11148.387096774193,-0.056513636363636384,0.14984779067733617
2020-05-10,24.66,27.096666666666668,90.26428325152969,11141.935483870968,0.022928571428571416,0.15029761904761904
2020-05-11,24.14,27.13,90.26428325152969,11135.483870967742,0.07478873239436622,0.13949444139584982
2020-05-12,25.78,27.08,90.26428325152969,11129.032258064517,0.08230625,0.06116691468253967
2020-05-13,25.29,27.13,90.26428325152969,11122.58064516129,0.024662962962962977,0.06929442128516204
2020-05-14,27.56,27.16,90.26428325152969,11116.129032258064,0.2559,0.11197605820105819
2020-05-15,29.43,27.18,90.26428325152969,11109.677419354839,0.09126025641025642,0.09882119038369037
2020-05-16,29.85,27.106666666666666,90.26428325152969,11103.225806451614,0.0448217391304348,0.1250314284145806
2020-05-17,30.27,27.033333333333335,90.26428325152969,11096.774193548386,-0.03323529411764707,0.09369747899159662
2020-05-18,31.82,26.96,90.26428325152969,11090.322580645161,0.024011111111111115,0.07562192694137138
2020-05-19,32.5,26.94,90.26428325152969,11083.870967741936,0.10623787878787878,0.12891309742446108
2020-05-20,33.49,26.85,90.26428325152969,11077.41935483871,0.02577384615384616,0.02461943611943612
2020-05-21,33.92,26.91,90.26428325152969,11070.967741935483,0.09057241379310345,0.15456658762693248
2020-05-22,33.25,26.99,90.26428325152969,11064.516129032258,0.18580769230769228,0.14079441391941394
2020-05-23,33.125,26.939999999999998,90.26428325152969,11058.064516129032,0.17474444444444448,0.12952292768959436
2020-05-24,33.0,26.89,90.26428325152969,11051.612903225807,0.06735862068965519,0.07484674329501916
2020-05-25,33.675,26.84,90.26428325152969,11045.161290322581,0.32473749999999996,0.3263037743506494
2020-05-26,34.35,26.79,90.26428325152969,11038.709677419354,0.014878124999999997,0.07219227242664743
2020-05-27,32.81,26.78,90.26428325152969,11032.258064516129,0.05478461538461538,0.06646334375501042
2020-05-28,33.71,26.64,90.26428325152969,11025.806451612903,-0.027913513513513507,0.01201936514436514
2020-05-29,35.49,26.6,90.26428325152969,11019.354838709678,0.13558222222222224,0.1787178531345198
2020-05-30,35.394999999999996,26.55,90.26428325152969,11012.90322580645,-0.059574999999999954,0.07783512831689916
2020-05-31,35.3,26.5,90.26428325152969,11006.451612903225,-0.07220833333333336,0.0647048611111111
2020-06-01,35.44,26.45,90.26428325152969,11000.0,0.01962941176470587,0.11166555258467024
2020-06-02,36.81,26.42,90.26428325152969,11000.0,0.040297333333333324,0.07290115898211136
2020-06-03,37.29,26.26,90.26428325152969,11000.0,0.09088363636363639,0.04663600288600289
2020-06-04,37.41,26.16,90.26428325152969,11000.0,0.020407843137254928,0.08077867258014317
2020-06-05,39.55,26.21,90.26428325152969,11000.0,0.05908720930232559,0.08627854931997377
2020-06-06,39.985,26.186666666666667,90.26428325152969,11000.0,0.18031764705882355,0.12379797036659781
2020-06-07,40.42,26.163333333333334,90.26428325152969,11000.0,0.147604,0.04251034151034151
2020-06-08,38.19,26.14,90.26428325152969,11000.0,-0.06101063829787234,0.08948083801541248
2020-06-09,38.94,26.06,90.26428325152969,11000.0,0.1330590909090909,0.10382957005116093
2020-06-10,39.6,25.93,90.26428325152969,11000.0,-0.04630149253731344,0.013287302664168337
2020-06-11,36.34,26.19,90.26428325152969,11000.0,0.19492307692307692,0.13294078606578605
2020-06-12,36.26,26.26,90.26428325152969,11000.0,0.2179416666666667,0.09589246820887447
2020-06-13,35.925,26.223333333333333,90.26428325152969,11000.0,0.05855882352941177,0.14843604108309993
2020-06-14,35.59,26.186666666666667,90.26428325152969,11000.0,0.12957058823529416,0.24332293523469992
2020-06-15,37.12,26.15,90.26428325152969,11000.0,0.16353636363636362,0.09610863322984532
2020-06-16,38.38,26.23,90.26428325152969,11000.0,-0.028931578947368437,0.06096310122625912
2020-06-17,37.96,26.25,90.26428325152969,11000.0,0.10007346938775512,0.07276326187040473
2020-06-18,38.84,26.35,90.26428325152969,11000.0,0.08993,0.0738020802018198
2020-06-19,39.75,26.38,90.26428325152969,11000.0,0.017195833333333337,0.10804642406204906
2020-06-20,39.760000000000005,26.333333333333332,90.26428325152969,11000.0,0.09673571428571429,0.14693027210884352
2020-06-21,39.77,26.286666666666665,90.26428325152969,11000.0,0.10207499999999999,0.10268308080808082
2020-06-22,40.46,26.24,90.26428325152969,11000.0,0.10742727272727275,0.1094435152389698
2020-06-23,40.37,26.15,90.26428325152969,11000.0,0.028449999999999996,0.09869265873015874
2020-06-24,38.01,26.27,90.26428325152969,11000.0,0.026029824561403497,0.04392385635806688
2020-06-25,38.72,26.31,90.26428325152969,11000.0,-0.027197368421052623,0.08378543422951319
2020-06-26,38.49,26.35,90.26428325152969,11000.0,0.06402857142857143,0.07606146499003642
2020-06-27,38.17,26.353333333333335,90.26428325152969,11000.0,0.11213888888888894,0.1660383597883598
2020-06-28,37.85,26.356666666666666,90.26428325152969,11000.0,0.0037333333333333324,0.0867280192801026
2020-06-29,39.7,26.36,90.26428325152969,11000.0,0.018694117647058812,0.08168703845174433
2020-06-30,39.27,26.32,90.26428325152969,11000.0,-0.029226190476190454,0.05196803637279828
2020-07-01,39.82,26.26,90.26428325152969,11000.0,-0.04588431372549019,0.06907049604353527
2020-07-02,40.65,26.28,90.26428325152969,10958.064516129032,0.10443684210526312,0.12139937912964233
2020-07-03,40.56666666666666,26.245,90.26428325152969,10916.129032258064,0.1749764705882353,0.133578431372549
2020-07-04,40.483333333333334,26.21,90.26428325152969,10874.193548387097,0.2755416666666667,0.19037147266313928
2020-07-05,40.4,26.175,90.26428325152969,10832.258064516129,0.057847619047619044,0.059075018896447486
2020-07-06,40.63,26.14,90.26428325152969,10790.322580645161,0.064109375,0.04690310846560847
2020-07-07,40.62,26.2,90.26428325152969,10748.387096774193,0.21574000000000002,0.15264358465608466
2020-07-08,40.9,26.06,90.26428325152969,10706.451612903225,0.09171818181818182,0.04715281877213696
2020-07-09,39.62,26.15,90.26428325152969,10664.516129032258,0.1888142857142857,0.19824263038548753
2020-07-10,40.55,26.11,90.26428325152969,10622.58064516129,0.11512941176470588,0.1496390374331551
2020-07-11,40.385,26.096666666666668,90.26428325152969,10580.645161290322,0.11878888888888889,0.05814814814814816
2020-07-12,40.22,26.083333333333332,90.26428325152969,10538.709677419354,0.004474999999999996,0.05175189393939394
2020-07-13,40.1,26.07,90.26428325152969,10496.774193548386,0.12691818181818182,0.11763362794612794
2020-07-14,40.29,26.02,90.26428325152969,10454.838709677419,0.035888,0.0869848484848485
2020-07-15,41.2,25.95,90.26428325152969,10412.90322580645,-0.02252325581395349,0.04971689194920783
2020-07-16,40.75,26.04,90.26428325152969,10370.967741935485,0.11691470588235299,0.08525989941431115
2020-07-17,40.59,25.93,90.26428325152969,10329.032258064515,0.06998431372549019,0.0961074387667525
2020-07-18,40.61,25.916666666666668,90.26428325152969,10287.09677419355,0.1335277777777778,-0.007312761794532623
2020-07-19,40.63,25.903333333333332,90.26428325152969,10245.161290322581,0.05277272727272728,0.18328053259871438
2020-07-20,40.81,25.89,90.26428325152969,10203.225806451614,0.18060555555555557,0.10032110957458179
2020-07-21,41.96,25.73,90.26428325152969,10161.290322580646,0.0628313725490196,0.11026624791330672
2020-07-22,41.9,25.66,90.26428325152969,10119.354838709678,0.05802118644067796,0.07069199867928681
2020-07-23,41.07,25.61,90.26428325152969,10077.41935483871,0.09381666666666667,0.07580317059483727
2020-07-24,41.29,25.5,90.26428325152969,10035.483870967742,0.07696404494382023,0.05981429463171037
2020-07-25,41.21,25.436666666666667,90.26428325152969,9993.548387096775,0.05606842105263159,0.02548245614035088
2020-07-26,41.13,25.37333333333333,90.26428325152969,9951.612903225807,-0.011959090909090891,-0.004210503301412393
2020-07-27,41.6,25.31,90.26428325152969,9909.677419354839,-0.048592682926829237,-0.05198749692042374
2020-07-28,41.04,25.35,90.26428325152969,9867.741935483871,0.050671153846153845,0.031035847832722833
2020-07-29,41.27,25.23,90.26428325152969,9825.806451612903,0.021395833333333343,0.018300671110194924
2020-07-30,39.92,25.13,90.26428325152969,9783.870967741936,0.029263736263736247,0.07511462743605601
2020-07-31,40.27,25.28,90.26428325152969,9741.935483870968,-0.0180698924731183,0.025011240892577294
2020-08-01,40.225,25.28,90.26428325152969,9700.0,-0.08300909090909087,-0.004211760461760447
2020-08-02,40.18,25.28,90.26428325152969,9738.709677419354,0.07748750000000001,-0.011006117724867717
2020-08-03,41.01,25.28,90.26428325152969,9777.41935483871,0.019723913043478265,0.06946342305037959
2020-08-04,41.7,25.19,90.26428325152969,9816.129032258064,-0.005736666666666668,0.010856962481962487
2020-08-05,42.19,25.08,90.26428325152969,9854.838709677419,0.033710000000000004,0.009631338899196049
2020-08-06,41.95,25.08,90.26428325152969,9893.548387096775,0.0017577777777777767,0.0711895342312009
2020-08-07,41.22,25.23,90.26428325152969,9932.258064516129,0.023257894736842116,0.022475829725829736
2020-08-08,41.41,25.243333333333332,90.26428325152969,9970.967741935485,0.02979999999999999,0.10495222668609766
2020-08-09,41.6,25.256666666666668,90.26428325152969,10009.677419354839,-0.01408750000000001,-0.013727678571428571
2020-08-10,41.94,25.27,90.26428325152969,10048.387096774193,0.09608823529411767,0.09311643849458975
2020-08-11,41.61,25.31,90.26428325152969,10087.09677419355,0.016503921568627452,0.01358626531420649
2020-08-12,42.67,25.23,90.26428325152969,10125.806451612903,-0.012097368421052643,0.05433661489582541
2020-08-13,42.24,25.22,90.26428325152969,10164.516129032258,0.02336000000000001,0.07022903138528139
2020-08-14,42.01,25.18,90.26428325152969,10203.225806451614,0.057053731343283585,0.0063727628093299795
2020-08-15,42.14,25.143333333333334,90.26428325152969,10241.935483870968,0.1311212121212121,0.10497376361012727
2020-08-16,42.27,25.106666666666666,90.26428325152969,10280.645161290322,0.07138571428571429,0.06701092558235415
2020-08-17,42.89,25.07,90.26428325152969,10319.354838709678,0.04515942028985507,0.07011231200361635
2020-08-18,42.89,24.93,90.26428325152969,10358.064516129032,-0.06223000000000003,0.07064737373737373
2020-08-19,42.93,25.13,90.26428325152969,10396.774193548386,0.03589904761904762,0.04863768466982752
2020-08-20,42.58,25.06,90.26428325152969,10435.483870967742,-0.10377547169811321,0.011573399085191524
2020-08-21,42.34,25.18,90.26428325152969,10474.193548387097,0.051478313253012054,0.04800391371712371
2020-08-22,42.400000000000006,25.19333333333333,90.26428325152969,10512.90322580645,0.022891304347826092,0.009316770186335407
2020-08-23,42.46,25.206666666666667,90.26428325152969,10551.612903225807,0.10367272727272726,0.14764856355765443
2020-08-24,42.62,25.22,90.26428325152969,10590.322580645161,0.030568085106382977,0.0567926270685579
2020-08-25,43.35,25.13,90.26428325152969,10629.032258064515,0.054033333333333336,0.04018473161017021
2020-08-26,43.39,25.1,90.26428325152969,10667.741935483871,-0.06026521739130433,0.010429141309576093
2020-08-27,43.04,25.13,90.26428325152969,10706.451612903225,-0.08324499999999999,-0.012185455747955746
2020-08-28,42.97,24.93,90.26428325152969,10745.161290322581,0.0247849315068493,0.039437600071161705
2020-08-29,43.0,24.919999999999998,90.26428325152969,10783.870967741936,0.042889473684210526,0.13528708133971293
2020-08-30,43.03,24.91,90.26428325152969,10822.58064516129,0.1940166666666667,0.05458393458393459
2020-08-31,42.61,24.9,90.26428325152969,10861.290322580646,-0.10797843137254903,-0.04733162232345238
2020-09-01,42.76,24.95,90.26428325152969,10900.0,-0.018112162162162156,0.016960105397605382
2020-09-02,41.51,25.04,90.26428325152969,10900.0,-0.009802380952380958,-0.023800347580109488
2020-09-03,41.37,25.05,90.26428325152969,10900.0,0.14007647058823527,0.090608019975667
2020-09-04,39.77,25.09,90.26428325152969,10900.0,0.1517453488372093,0.09920236941675899
2020-09-05,39.0175,25.1225,90.26428325152969,10900.0,0.16774411764705882,0.09915841383902045
2020-09-06,38.265,25.155,90.26428325152969,10900.0,0.10811612903225809,0.0749573306024919
2020-09-07,37.5125,25.1875,90.26428325152969,10900.0,0.1001736842105263,0.10689362746693575
2020-09-08,36.76,25.22,90.26428325152969,10900.0,0.046016000000000015,0.032823809523809526
2020-09-09,38.05,25.18,90.26428325152969,10900.0,-0.04671714285714287,-0.008063852813852811
2020-09-10,37.3,25.23,90.26428325152969,10900.0,0.023971186440677954,0.041010467874874654
2020-09-11,37.33,25.18,90.26428325152969,10900.0,0.08914426229508199,0.10605607513745689
2020-09-12,37.306666666666665,25.16,90.26428325152969,10900.0,0.114475,0.12418560606060607
2020-09-13,37.28333333333333,25.14,90.26428325152969,10900.0,0.06210416666666666,0.09137938161375662
2020-09-14,37.26,25.12,90.26428325152969,10900.0,0.029468,0.0517018278018278
2020-09-15,38.28,25.14,90.26428325152969,10900.0,0.064230985915493,0.02592831822585345
2020-09-16,40.16,25.17,90.26428325152969,10900.0,0.11511235955056182,0.04399990069231641
2020-09-17,40.97,25.08,90.26428325152969,10900.0,0.11519012345679014,0.06017913704950743
2020-09-18,41.11,25.11,90.26428325152969,10900.0,0.08769722222222225,0.0916074184303351
2020-09-19,40.51,25.169999999999998,90.26428325152969,10900.0,0.15114074074074074,0.1212242130297686
2020-09-20,39.910000000000004,25.23,90.26428325152969,10900.0,0.050010000000000006,0.02659238816738817
2020-09-21,39.31,25.29,90.26428325152969,10900.0,0.11523595505617981,0.08707412541682205
2020-09-22,39.6,25.38,90.26428325152969,10900.0,0.11122307692307694,0.07881630406630408
2020-09-23,39.93,25.52,90.26428325152969,10900.0,0.005811764705882344,-0.012108249865602813
2020-09-24,40.31,25.48,90.26428325152969,10900.0,0.1385388888888889,0.1569565807991734
2020-09-25,40.31,25.48,90.26428325152969,10900.0,0.16309888888888888,0.10204034992784998
2020-09-26,40.31,25.48,90.26428325152969,10900.0,0.27737500000000004,0.10840146254208752
2020-09-27,40.31,25.48,90.26428325152969,10900.0,0.2554095238095238,0.16710214388785816
