,price,price_p,price_u,uup_p,uup_u,prod_p,prod_u,rigcount_p,rigcount_u,HousingStarts_p,HousingStarts_u,daily_return
2020-01-21,58.34,0.6460253,0.0,0.63136387,0.0,0.69859153,0.0,0.6057798,0.0,0.7048365,0.0,-0.0008563110121595496
2020-01-22,56.74,0.64604485,1.0,0.6314682,1.0,0.6985914,-1.0,0.60578084,1.0,0.7048365,0.0,-0.02742543709290368
2020-01-23,55.59,0.6460563,1.0,0.6315414,1.0,0.69859123,-1.0,0.60578185,1.0,0.7048365,0.0,-0.02026788861473383
2020-01-24,54.19,0.64589715,1.0,0.6315744,1.0,0.69859105,-1.0,0.60578287,1.0,0.7048364,-1.0,-0.025184385680877996
2020-01-25,53.415,0.64552927,-1.0,0.63163936,1.0,0.6985909,-1.0,0.6057839,1.0,0.7048364,0.0,-0.014301531647905485
2020-01-26,52.64,0.6449307,-1.0,0.6317545,1.0,0.69859076,-1.0,0.6057849,1.0,0.7048364,0.0,-0.014509033043152653
2020-01-27,53.14,0.6441858,-1.0,0.6318924,1.0,0.6985906,-1.0,0.6057859,1.0,0.7048364,0.0,0.009498480243161023
2020-01-28,53.48,0.6433655,-1.0,0.63203394,1.0,0.6985904,-1.0,0.6057869,1.0,0.7048364,0.0,0.006398193451260692
2020-01-29,53.33,0.64265686,-1.0,0.63217074,1.0,0.6985902,-1.0,0.60578793,1.0,0.70483637,-1.0,-0.0028047868362004458
2020-01-30,52.14,0.64214563,-1.0,0.6322895,1.0,0.69859004,-1.0,0.60578895,1.0,0.70483637,0.0,-0.0223138946184136
2020-01-31,51.56,0.6418029,-1.0,0.63241446,1.0,0.69858986,-1.0,0.60578996,1.0,0.70483637,0.0,-0.011123897199846522
2020-02-01,51.285,0.6414659,-1.0,0.6324741,1.0,0.69858974,-1.0,0.605791,1.0,0.70483637,0.0,-0.005333591931730108
2020-02-02,51.01,0.6410936,-1.0,0.63240165,1.0,0.69858956,-1.0,0.605792,1.0,0.70483637,0.0,-0.005362191673978667
2020-02-03,50.11,0.6407049,-1.0,0.6322934,-1.0,0.6985894,-1.0,0.605793,1.0,0.70483637,0.0,-0.017643599294255963
2020-02-04,49.61,0.6403234,-1.0,0.6322251,-1.0,0.6985892,-1.0,0.60579395,1.0,0.70483637,0.0,-0.009978048293753705
2020-02-05,50.75,0.63989455,-1.0,0.63222283,-1.0,0.698589,-1.0,0.6057949,1.0,0.70483637,0.0,0.022979238056843432
2020-02-06,50.95,0.63943017,-1.0,0.6322869,-1.0,0.6985889,-1.0,0.60579574,1.0,0.70483637,0.0,0.003940886699507429
2020-02-07,50.32,0.6391239,-1.0,0.6324509,1.0,0.6985887,-1.0,0.60579646,1.0,0.7048364,1.0,-0.012365063788027486
2020-02-08,50.04,0.63898087,-1.0,0.63268757,1.0,0.6985886,-1.0,0.6057971,1.0,0.7048365,1.0,-0.005564387917329161
2020-02-09,49.76,0.63888466,-1.0,0.63296986,1.0,0.6985885,-1.0,0.6057976,1.0,0.70483655,1.0,-0.005595523581135131
2020-02-10,49.57,0.6387843,-1.0,0.63325,1.0,0.6985884,-1.0,0.60579795,1.0,0.70483667,1.0,-0.003818327974276503
2020-02-11,49.94,0.638654,-1.0,0.6334999,1.0,0.69858825,-1.0,0.60579824,1.0,0.7048367,1.0,0.0074641920516440585
2020-02-12,51.17,0.63849807,-1.0,0.6337136,1.0,0.6985882,-1.0,0.60579836,1.0,0.7048368,1.0,0.02462955546655987
2020-02-13,51.42,0.63838696,-1.0,0.6338676,1.0,0.69858813,-1.0,0.6057984,1.0,0.7048369,1.0,0.004885675200312578
2020-02-14,52.05,0.638457,-1.0,0.63401264,1.0,0.6985881,-1.0,0.6057984,1.0,0.70483696,1.0,0.01225204200700114
2020-02-15,52.115,0.6386609,1.0,0.6341655,1.0,0.698588,-1.0,0.60579836,0.0,0.7048371,1.0,0.0012487992315082241
2020-02-16,52.18,0.6389864,1.0,0.63429964,1.0,0.698588,-1.0,0.6057983,-1.0,0.70483714,1.0,0.0012472416770603623
2020-02-17,52.115,0.6393436,1.0,0.6344201,1.0,0.698588,0.0,0.6057982,-1.0,0.70483726,1.0,-0.0012456880030662365
2020-02-18,52.05,0.6396767,1.0,0.63453716,1.0,0.698588,0.0,0.6057981,-1.0,0.7048373,1.0,-0.0012472416770604733
2020-02-19,53.29,0.63994193,1.0,0.6346544,1.0,0.6985881,0.0,0.605798,-1.0,0.70483744,1.0,0.02382324687800197
2020-02-20,53.78,0.64012635,1.0,0.6347733,1.0,0.6985881,1.0,0.60579795,-1.0,0.70483756,1.0,0.00919497091386745
2020-02-21,53.38,0.6403769,1.0,0.6349058,1.0,0.69858813,0.0,0.6057979,-1.0,0.7048376,1.0,-0.007437709185570851
2020-02-22,52.73,0.6406989,1.0,0.6350727,1.0,0.69858825,1.0,0.6057979,-1.0,0.70483774,1.0,-0.012176845260397307
2020-02-23,52.08,0.6409856,1.0,0.6351704,1.0,0.6985883,1.0,0.6057979,0.0,0.70483786,1.0,-0.012326948606106503
2020-02-24,51.43,0.6411393,1.0,0.6351964,1.0,0.69858843,1.0,0.6057979,0.0,0.704838,1.0,-0.012480798771121293
2020-02-25,49.9,0.6411191,1.0,0.63519645,1.0,0.6985885,1.0,0.6057979,0.0,0.7048381,1.0,-0.029749173634065706
2020-02-26,48.73,0.6409275,-1.0,0.6351867,1.0,0.6985886,1.0,0.6057979,0.0,0.7048382,1.0,-0.02344689378757514
2020-02-27,47.09,0.64049494,-1.0,0.6351383,-1.0,0.69858867,1.0,0.6057979,0.0,0.7048384,1.0,-0.03365483275189807
2020-02-28,44.76,0.63984287,-1.0,0.63507307,-1.0,0.6985888,1.0,0.6057979,0.0,0.7048385,1.0,-0.0494797196857083
2020-02-29,44.665,0.63895816,-1.0,0.6349373,-1.0,0.6985889,1.0,0.6057979,0.0,0.7048387,1.0,-0.002122430741733683
2020-03-01,44.57,0.6377821,-1.0,0.6347066,-1.0,0.69858897,1.0,0.6057979,0.0,0.7048388,1.0,-0.002126945035262451
2020-03-02,46.75,0.6365553,-1.0,0.6344202,-1.0,0.6985891,1.0,0.6057979,0.0,0.704839,1.0,0.04891182409692618
2020-03-03,47.18,0.63544655,-1.0,0.6341041,-1.0,0.69858915,1.0,0.6057979,0.0,0.70483917,1.0,0.009197860962566917
2020-03-04,46.78,0.63481045,-1.0,0.6337713,-1.0,0.69858927,1.0,0.6057979,0.0,0.7048393,1.0,-0.0084781687155574
2020-03-05,45.9,0.634601,-1.0,0.63338786,-1.0,0.6985894,1.0,0.6057979,0.0,0.70483947,1.0,-0.018811457887986327
2020-03-06,41.28,0.6346193,-1.0,0.6330578,-1.0,0.6985895,1.0,0.6057979,0.0,0.70483965,1.0,-0.1006535947712418
2020-03-07,36.91,0.6346408,1.0,0.63267004,-1.0,0.6985896,1.0,0.6057979,0.0,0.7048398,1.0,-0.10586240310077533
2020-03-08,32.54,0.6341011,1.0,0.63213867,-1.0,0.6985898,1.0,0.6057979,0.0,0.70484,1.0,-0.11839609861826061
2020-03-09,31.13,0.6327429,-1.0,0.63148946,-1.0,0.69859004,1.0,0.6057979,0.0,0.70484024,1.0,-0.04333128457283342
2020-03-10,34.36,0.63050103,-1.0,0.63074625,-1.0,0.6985903,1.0,0.6057979,0.0,0.7048404,1.0,0.10375843238034044
2020-03-11,32.98,0.6278064,-1.0,0.6299233,-1.0,0.6985906,1.0,0.6057979,0.0,0.7048406,1.0,-0.040162980209546006
2020-03-12,31.5,0.6255933,-1.0,0.6295067,-1.0,0.6985909,1.0,0.6057979,0.0,0.70484084,1.0,-0.0448756822316555
2020-03-13,31.73,0.62384915,-1.0,0.6294467,-1.0,0.69859123,1.0,0.6057979,0.0,0.704841,1.0,0.0073015873015873645
2020-03-14,31.07,0.6224274,-1.0,0.6298332,-1.0,0.69859165,1.0,0.6057979,0.0,0.70484126,1.0,-0.020800504254648633
2020-03-15,30.41,0.62137467,-1.0,0.631268,1.0,0.6985921,1.0,0.6057979,0.0,0.70484143,1.0,-0.02124235597038948
2020-03-16,28.7,0.6205767,-1.0,0.6327266,1.0,0.6985926,1.0,0.6057979,0.0,0.7048417,1.0,-0.056231502795133226
2020-03-17,26.95,0.61993176,-1.0,0.63369775,1.0,0.69859314,1.0,0.6057979,0.0,0.70484185,1.0,-0.060975609756097615
2020-03-18,20.37,0.61921513,-1.0,0.6341109,1.0,0.69859374,1.0,0.6057979,0.0,0.7048421,1.0,-0.24415584415584413
2020-03-19,25.22,0.6182934,-1.0,0.63446546,1.0,0.6985944,1.0,0.6057979,0.0,0.7048423,1.0,0.23809523809523792
2020-03-20,22.43,0.6164544,-1.0,0.6350373,1.0,0.69859505,1.0,0.6057979,0.0,0.70484257,1.0,-0.11062648691514665
2020-03-21,21.985,0.6149181,-1.0,0.63591254,1.0,0.69859576,1.0,0.6057979,0.0,0.70484275,1.0,-0.01983950066874718
2020-03-22,21.54,0.6134366,-1.0,0.6367755,1.0,0.69859654,1.0,0.6057979,0.0,0.704843,1.0,-0.020241073459176695
2020-03-23,23.36,0.61214495,-1.0,0.63743484,1.0,0.6985973,1.0,0.6057979,0.0,0.7048432,1.0,0.08449396471680592
2020-03-24,24.01,0.6110575,-1.0,0.63790154,1.0,0.6985981,1.0,0.6057979,0.0,0.70484346,1.0,0.027825342465753522
2020-03-25,24.49,0.61050254,-1.0,0.63821375,1.0,0.6985989,1.0,0.6057979,0.0,0.7048437,1.0,0.01999167013744252
2020-03-26,22.6,0.6104482,-1.0,0.63836956,1.0,0.6985997,1.0,0.6057979,0.0,0.70484394,1.0,-0.07717435688035923
2020-03-27,21.51,0.6107678,-1.0,0.6383488,1.0,0.6986005,1.0,0.6057979,0.0,0.7048442,1.0,-0.048230088495575196
2020-03-28,20.895000000000003,0.6109723,1.0,0.63814634,-1.0,0.6986013,1.0,0.6057979,0.0,0.7048444,1.0,-0.028591352859135166
2020-03-29,20.28,0.610891,1.0,0.6377559,-1.0,0.69860214,1.0,0.6057979,0.0,0.70484465,1.0,-0.02943287867910993
2020-03-30,20.09,0.61054325,-1.0,0.6372919,-1.0,0.698603,1.0,0.6057979,0.0,0.7048449,1.0,-0.009368836291913318
2020-03-31,20.48,0.6100028,-1.0,0.6368574,-1.0,0.6986038,1.0,0.6057979,0.0,0.70484513,1.0,0.019412643106022864
2020-04-01,20.31,0.6094058,-1.0,0.63649297,-1.0,0.69860464,1.0,0.6057979,0.0,0.70484537,1.0,-0.008300781250000111
2020-04-02,25.32,0.6089252,-1.0,0.63619256,-1.0,0.6986055,1.0,0.6057979,0.0,0.7048456,1.0,0.24667651403249646
2020-04-03,28.34,0.6085689,-1.0,0.6360047,-1.0,0.6986063,1.0,0.6057979,0.0,0.70484585,1.0,0.11927330173775674
2020-04-04,27.586666666666666,0.6090755,-1.0,0.6359725,-1.0,0.6986072,1.0,0.6057979,0.0,0.7048461,1.0,-0.02658198071042106
2020-04-05,26.83333333333333,0.6104957,1.0,0.63608426,-1.0,0.6986081,1.0,0.6057979,0.0,0.70484626,1.0,-0.027307878202030067
2020-04-06,26.08,0.61214566,1.0,0.63626367,1.0,0.698609,1.0,0.6057979,0.0,0.70484644,1.0,-0.028074534161490527
2020-04-07,23.63,0.61353755,1.0,0.63644093,1.0,0.69860995,1.0,0.6057979,0.0,0.7048466,1.0,-0.09394171779141103
2020-04-08,25.09,0.6144372,1.0,0.6365938,1.0,0.69861084,1.0,0.6057979,0.0,0.7048467,1.0,0.06178586542530695
2020-04-09,22.76,0.61457205,1.0,0.6366373,1.0,0.6986118,1.0,0.6057979,0.0,0.70484674,1.0,-0.09286568353925861
2020-04-10,22.903333333333336,0.61444193,1.0,0.63661516,1.0,0.6986128,1.0,0.6057979,0.0,0.7048468,1.0,0.006297598125366122
2020-04-11,23.04666666666667,0.61387587,-1.0,0.63653344,-1.0,0.69861376,1.0,0.6057979,0.0,0.7048468,0.0,0.006258186581283631
2020-04-12,23.19,0.6131605,-1.0,0.6363878,-1.0,0.6986148,1.0,0.6057979,0.0,0.7048468,0.0,0.006219265258894824
2020-04-13,22.41,0.612481,-1.0,0.6362363,-1.0,0.6986158,1.0,0.6057979,0.0,0.70484674,-1.0,-0.03363518758085382
2020-04-14,20.11,0.6119553,-1.0,0.6360927,-1.0,0.69861686,1.0,0.6057979,0.0,0.70484674,0.0,-0.10263275323516285
2020-04-15,19.87,0.61148494,-1.0,0.6359651,-1.0,0.69861794,1.0,0.6057979,0.0,0.7048467,-1.0,-0.01193436101442058
2020-04-16,19.87,0.61076987,-1.0,0.6357972,-1.0,0.698619,1.0,0.6057979,0.0,0.7048466,-1.0,0.0
2020-04-17,18.27,0.60994285,-1.0,0.635681,-1.0,0.69862014,1.0,0.6057979,0.0,0.70484656,-1.0,-0.08052340211373943
2020-04-18,17.655,0.60915947,-1.0,0.63569313,-1.0,0.6986213,1.0,0.6057979,0.0,0.7048465,-1.0,-0.033661740558292186
2020-04-19,17.04,0.6082887,-1.0,0.6357436,1.0,0.69862247,1.0,0.6057979,0.0,0.7048464,-1.0,-0.03483432455395086
2020-04-20,-37.63,0.607385,-1.0,0.6358001,1.0,0.6986236,1.0,0.6057979,0.0,0.7048463,-1.0,-3.2083333333333335
2020-04-21,10.01,0.6064884,-1.0,0.6358707,1.0,0.69862485,1.0,0.6057979,0.0,0.70484626,-1.0,-1.2660111613074674
2020-04-22,13.78,0.5974048,-1.0,0.6359529,1.0,0.69862604,1.0,0.6057979,0.0,0.7048462,-1.0,0.37662337662337664
2020-04-23,16.5,0.59094656,-1.0,0.6360494,1.0,0.6986273,1.0,0.6057979,0.0,0.7048461,-1.0,0.1973875181422351
2020-04-24,16.94,0.5885261,-1.0,0.6361752,1.0,0.6986286,1.0,0.6057979,0.0,0.704846,-1.0,0.02666666666666684
2020-04-25,16.805,0.58990866,-1.0,0.6363137,1.0,0.6986299,1.0,0.6057979,0.0,0.70484596,-1.0,-0.007969303423848939
2020-04-26,16.67,0.5932306,1.0,0.6364181,1.0,0.6986312,1.0,0.6057979,0.0,0.7048459,-1.0,-0.008033323415649996
2020-04-27,12.78,0.5969248,1.0,0.63647676,1.0,0.69863254,1.0,0.6057979,0.0,0.7048458,-1.0,-0.23335332933413333
2020-04-28,12.34,0.600095,1.0,0.63649935,1.0,0.6986339,1.0,0.6057979,0.0,0.7048457,-1.0,-0.034428794992175216
2020-04-29,15.06,0.6018341,1.0,0.6364927,1.0,0.6986353,1.0,0.6057979,0.0,0.70484567,-1.0,0.220421393841167
2020-04-30,18.84,0.6024068,1.0,0.6364618,-1.0,0.6986367,1.0,0.6057979,0.0,0.70484555,-1.0,0.250996015936255
2020-05-01,19.78,0.60266477,1.0,0.6363817,-1.0,0.69863814,1.0,0.6057979,0.0,0.7048455,-1.0,0.04989384288747356
2020-05-02,19.195,0.60337347,1.0,0.6362079,-1.0,0.6986396,1.0,0.6057979,0.0,0.7048454,-1.0,-0.02957532861476242
2020-05-03,18.61,0.604463,1.0,0.63599205,-1.0,0.69864106,1.0,0.6057979,0.0,0.7048453,-1.0,-0.03047668663714509
2020-05-04,20.39,0.6055336,1.0,0.6358121,-1.0,0.69864255,1.0,0.6057979,0.0,0.70484525,-1.0,0.09564750134336375
2020-05-05,24.56,0.6063155,1.0,0.6356959,-1.0,0.698644,1.0,0.6057979,0.0,0.7048452,-1.0,0.20451201569396749
2020-05-06,23.99,0.6070578,1.0,0.6356495,-1.0,0.6986454,1.0,0.6057979,0.0,0.7048451,-1.0,-0.02320846905537466
2020-05-07,23.55,0.6083049,1.0,0.6356541,-1.0,0.6986468,1.0,0.6057979,0.0,0.70484495,-1.0,-0.018340975406419213
2020-05-08,24.74,0.6096219,1.0,0.6357339,1.0,0.6986481,1.0,0.6057979,0.0,0.70484483,-1.0,0.050530785562632685
2020-05-09,24.7,0.6107144,1.0,0.6358263,1.0,0.6986493,1.0,0.6057979,0.0,0.7048447,-1.0,-0.0016168148746967814
2020-05-10,24.66,0.6116627,1.0,0.63588834,1.0,0.6986505,1.0,0.6057979,0.0,0.7048446,-1.0,-0.0016194331983805377
2020-05-11,24.14,0.6123923,1.0,0.6359444,1.0,0.69865155,1.0,0.6057979,0.0,0.7048445,-1.0,-0.02108678021086774
2020-05-12,25.78,0.61288106,1.0,0.6360092,1.0,0.6986525,1.0,0.6057979,0.0,0.7048443,-1.0,0.06793703396851702
2020-05-13,25.29,0.6131116,1.0,0.63608766,1.0,0.6986534,1.0,0.6057979,0.0,0.7048442,-1.0,-0.019006982156710706
2020-05-14,27.56,0.6133795,1.0,0.63614917,1.0,0.69865423,1.0,0.6057979,0.0,0.704844,-1.0,0.08975879794385122
2020-05-15,29.43,0.6135814,1.0,0.63620406,1.0,0.698655,1.0,0.6057979,0.0,0.7048439,-1.0,0.06785195936139332
2020-05-16,29.85,0.61404073,1.0,0.6362714,1.0,0.69865566,1.0,0.6057979,0.0,0.7048437,-1.0,0.014271151885830946
2020-05-17,30.27,0.6148601,1.0,0.63634586,1.0,0.6986563,1.0,0.6057979,0.0,0.7048435,-1.0,0.014070351758793898
2020-05-18,31.82,0.61584604,1.0,0.6363922,1.0,0.69865686,1.0,0.6057979,0.0,0.7048434,-1.0,0.05120581433762794
2020-05-19,32.5,0.6168349,1.0,0.6363815,1.0,0.6986574,1.0,0.6057979,0.0,0.7048432,-1.0,0.021370207416719023
2020-05-20,33.49,0.6178861,1.0,0.6363111,-1.0,0.6986578,1.0,0.6057979,0.0,0.70484304,-1.0,0.03046153846153854
2020-05-21,33.92,0.6189234,1.0,0.636204,-1.0,0.6986583,1.0,0.6057979,0.0,0.70484287,-1.0,0.0128396536279487
2020-05-22,33.25,0.619946,1.0,0.6360579,-1.0,0.69865865,1.0,0.6057979,0.0,0.70484275,-1.0,-0.019752358490566113
2020-05-23,33.125,0.6208776,1.0,0.6359166,-1.0,0.69865906,1.0,0.6057979,0.0,0.70484257,-1.0,-0.003759398496240629
2020-05-24,33.0,0.6215424,1.0,0.6358401,-1.0,0.6986594,1.0,0.6057979,0.0,0.70484245,-1.0,-0.0037735849056603765
2020-05-25,33.675,0.6219401,1.0,0.63579303,-1.0,0.6986598,1.0,0.6057979,0.0,0.70484227,-1.0,0.02045454545454528
2020-05-26,34.35,0.6221138,1.0,0.6357317,-1.0,0.69866014,1.0,0.6057979,0.0,0.7048421,-1.0,0.020044543429844186
2020-05-27,32.81,0.6222314,1.0,0.6356422,-1.0,0.69866055,1.0,0.6057979,0.0,0.704842,-1.0,-0.04483260553129542
2020-05-28,33.71,0.6224015,1.0,0.63552016,-1.0,0.6986609,1.0,0.6057979,0.0,0.7048418,-1.0,0.02743066138372452
2020-05-29,35.49,0.62239015,1.0,0.6353848,-1.0,0.69866127,1.0,0.6057979,0.0,0.7048417,-1.0,0.05280332245624453
2020-05-30,35.395,0.62238044,-1.0,0.6351942,-1.0,0.6986617,1.0,0.6057979,0.0,0.7048415,-1.0,-0.0026768103691180434
2020-05-31,35.3,0.62260723,-1.0,0.6349516,-1.0,0.69866204,1.0,0.6057979,0.0,0.7048413,-1.0,-0.002683994914536081
2020-06-01,35.44,0.62295043,1.0,0.63468254,-1.0,0.6986624,1.0,0.6057979,0.0,0.7048412,-1.0,0.003966005665722472
2020-06-02,36.81,0.62329996,1.0,0.63439286,-1.0,0.6986628,1.0,0.6057979,0.0,0.704841,-1.0,0.03865688487584662
2020-06-03,37.29,0.6236119,1.0,0.63408744,-1.0,0.6986632,1.0,0.6057979,0.0,0.7048409,-1.0,0.013039934800325836
2020-06-04,37.41,0.624033,1.0,0.6337799,-1.0,0.6986636,1.0,0.6057979,0.0,0.7048408,-1.0,0.0032180209171359664
2020-06-05,39.55,0.62453276,1.0,0.63339883,-1.0,0.69866395,1.0,0.6057979,0.0,0.7048406,-1.0,0.05720395616145413
2020-06-06,39.985,0.6250315,1.0,0.6329219,-1.0,0.69866425,1.0,0.6057979,0.0,0.7048405,-1.0,0.010998735777496993
2020-06-07,40.42,0.6257297,1.0,0.6324662,-1.0,0.6986646,1.0,0.6057979,0.0,0.7048403,-1.0,0.01087907965487056
2020-06-08,38.19,0.62651527,1.0,0.6320625,-1.0,0.6986649,1.0,0.6057979,0.0,0.7048402,-1.0,-0.05517070757050979
2020-06-09,38.94,0.62730396,1.0,0.6317025,-1.0,0.69866514,1.0,0.6057979,0.0,0.70484006,-1.0,0.01963864886095834
2020-06-10,39.6,0.62770396,1.0,0.6313801,-1.0,0.6986654,1.0,0.6057979,0.0,0.7048399,-1.0,0.016949152542373058
2020-06-11,36.34,0.6279011,1.0,0.63103867,-1.0,0.6986656,1.0,0.6057979,0.0,0.70483977,-1.0,-0.08232323232323224
2020-06-12,36.26,0.6280398,1.0,0.63059604,-1.0,0.6986658,1.0,0.6057979,0.0,0.70483965,-1.0,-0.0022014309301047197
2020-06-13,35.925,0.62774456,1.0,0.6303717,-1.0,0.698666,1.0,0.6057979,0.0,0.70483947,-1.0,-0.009238830667402165
2020-06-14,35.59,0.6272056,-1.0,0.6303904,-1.0,0.6986661,1.0,0.6057979,0.0,0.70483935,-1.0,-0.00932498260264425
2020-06-15,37.12,0.6265489,-1.0,0.63049185,1.0,0.6986662,1.0,0.6057979,0.0,0.7048392,-1.0,0.04298960382129802
2020-06-16,38.38,0.6258831,-1.0,0.63057804,1.0,0.6986663,1.0,0.6057979,0.0,0.7048391,-1.0,0.03394396551724155
2020-06-17,37.96,0.6254983,-1.0,0.63060653,1.0,0.69866633,1.0,0.6057979,0.0,0.70483893,-1.0,-0.010943199583116292
2020-06-18,38.84,0.6255053,-1.0,0.6306727,1.0,0.6986664,1.0,0.6057979,0.0,0.7048388,-1.0,0.023182297154900056
2020-06-19,39.75,0.62569714,1.0,0.6307795,1.0,0.69866645,1.0,0.6057979,0.0,0.7048387,-1.0,0.023429454170957653
2020-06-20,39.76000000000001,0.62606597,1.0,0.63098145,1.0,0.69866645,1.0,0.6057979,0.0,0.7048386,-1.0,0.0002515723270444248
2020-06-21,39.77,0.62659204,1.0,0.63123953,1.0,0.6986665,0.0,0.6057979,0.0,0.70483845,-1.0,0.0002515090543258047
2020-06-22,40.46,0.6271409,1.0,0.6314509,1.0,0.6986665,1.0,0.6057979,0.0,0.70483834,-1.0,0.017349761126477237
2020-06-23,40.37,0.62762463,1.0,0.63156694,1.0,0.6986665,0.0,0.6057979,0.0,0.7048382,-1.0,-0.0022244191794366097
2020-06-24,38.01,0.6280866,1.0,0.63158035,1.0,0.6986665,0.0,0.6057979,0.0,0.7048381,-1.0,-0.05845925191974233
2020-06-25,38.72,0.6284684,1.0,0.631464,1.0,0.6986665,0.0,0.6057979,0.0,0.704838,-1.0,0.018679294922388845
2020-06-26,38.49,0.62846506,1.0,0.6313895,-1.0,0.6986665,0.0,0.6057979,0.0,0.70483786,-1.0,-0.005940082644627975
2020-06-27,38.17,0.62830913,-1.0,0.6314001,-1.0,0.6986665,0.0,0.6057979,0.0,0.70483774,-1.0,-0.008313847752663084
2020-06-28,37.85,0.62806255,-1.0,0.6314847,1.0,0.6986665,0.0,0.6057979,0.0,0.7048376,-1.0,-0.00838354728844648
2020-06-29,39.7,0.6277716,-1.0,0.63159966,1.0,0.6986665,0.0,0.6057979,0.0,0.70483756,-1.0,0.04887714663143994
2020-06-30,39.27,0.62745404,-1.0,0.6317142,1.0,0.6986665,0.0,0.6057979,0.0,0.70483744,-1.0,-0.010831234256926892
2020-07-01,39.82,0.62739444,-1.0,0.63181615,1.0,0.6986665,0.0,0.6057979,0.0,0.7048373,-1.0,0.014005602240896309
2020-07-02,40.65,0.62745464,-1.0,0.63186765,1.0,0.6986665,0.0,0.6057979,0.0,0.7048372,-1.0,0.02084379708689088
2020-07-03,40.566666666666656,0.6276429,1.0,0.6318374,1.0,0.6986665,0.0,0.6057979,0.0,0.70483714,-1.0,-0.0020500205002051963
2020-07-04,40.48333333333333,0.6279758,1.0,0.6317805,-1.0,0.6986666,0.0,0.6057979,0.0,0.704837,-1.0,-0.002054231717337651
2020-07-05,40.4,0.62834024,1.0,0.6316951,-1.0,0.69866675,1.0,0.6057979,0.0,0.70483696,-1.0,-0.0020584602717166334
2020-07-06,40.63,0.62865883,1.0,0.6315721,-1.0,0.69866705,1.0,0.6057979,0.0,0.7048369,-1.0,0.005693069306930809
2020-07-07,40.62,0.62889254,1.0,0.63141245,-1.0,0.69866747,1.0,0.6057979,0.0,0.70483685,-1.0,-0.0002461235540242024
2020-07-08,40.9,0.6290732,1.0,0.6312197,-1.0,0.6986681,1.0,0.6057979,0.0,0.70483685,0.0,0.006893156080748364
2020-07-09,39.62,0.62920177,1.0,0.6310805,-1.0,0.69866896,1.0,0.6057979,0.0,0.70483685,0.0,-0.03129584352078241
2020-07-10,40.55,0.6293216,1.0,0.6308719,-1.0,0.69867,1.0,0.6057979,0.0,0.70483685,0.0,0.023472993437657852
2020-07-11,40.385,0.6292677,1.0,0.63070977,-1.0,0.6986712,1.0,0.6057979,0.0,0.70483685,0.0,-0.004069050554870501
2020-07-12,40.22,0.62922597,-1.0,0.6305707,-1.0,0.6986727,1.0,0.6057979,0.0,0.7048369,1.0,-0.0040856753745202035
2020-07-13,40.1,0.6291826,-1.0,0.6304374,-1.0,0.6986744,1.0,0.6057979,0.0,0.7048369,0.0,-0.002983590253605062
2020-07-14,40.29,0.6291311,-1.0,0.63030946,-1.0,0.6986763,1.0,0.6057979,0.0,0.70483696,1.0,0.004738154613466383
2020-07-15,41.2,0.62906337,-1.0,0.6301841,-1.0,0.6986784,1.0,0.6057979,0.0,0.70483696,0.0,0.022586249689749316
2020-07-16,40.75,0.62901706,-1.0,0.6300264,-1.0,0.69868064,1.0,0.6057979,0.0,0.704837,1.0,-0.01092233009708743
2020-07-17,40.59,0.6291032,-1.0,0.6297961,-1.0,0.69868314,1.0,0.6057979,0.0,0.704837,0.0,-0.003926380368098115
2020-07-18,40.61,0.6292072,1.0,0.62963814,-1.0,0.6986859,1.0,0.6057979,0.0,0.7048371,1.0,0.0004927322000491952
2020-07-19,40.63,0.62928426,1.0,0.6294389,-1.0,0.69868875,1.0,0.6057979,0.0,0.7048371,0.0,0.0004924895345974623
2020-07-20,40.81,0.6293304,1.0,0.6292112,-1.0,0.69869184,1.0,0.6057979,0.0,0.70483714,1.0,0.004430223972434089
2020-07-21,41.96,0.62935543,1.0,0.628983,-1.0,0.69869506,1.0,0.6057979,0.0,0.70483714,0.0,0.028179367802009248
2020-07-22,41.9,0.629388,1.0,0.62876564,-1.0,0.6986985,1.0,0.6057979,0.0,0.7048372,1.0,-0.0014299332697808032
2020-07-23,41.07,0.62956417,1.0,0.6284022,-1.0,0.69870216,1.0,0.6057979,0.0,0.7048372,0.0,-0.019809069212410435
2020-07-24,41.29,0.6298026,1.0,0.6279045,-1.0,0.69870585,1.0,0.6057979,0.0,0.70483726,1.0,0.005356708059410797
2020-07-25,41.21,0.6299442,1.0,0.6273287,-1.0,0.6987097,1.0,0.6057979,0.0,0.70483726,0.0,-0.0019375151368369314
2020-07-26,41.13,0.630025,1.0,0.62663627,-1.0,0.6987137,1.0,0.6057979,0.0,0.7048373,1.0,-0.001941276389225921
2020-07-27,41.6,0.63004917,1.0,0.625865,-1.0,0.69871783,1.0,0.6057979,0.0,0.7048373,0.0,0.011427182105518963
2020-07-28,41.04,0.63003206,1.0,0.6250468,-1.0,0.6987221,1.0,0.6057979,0.0,0.7048374,1.0,-0.013461538461538525
2020-07-29,41.27,0.63005173,-1.0,0.62420166,-1.0,0.6987266,1.0,0.6057979,0.0,0.7048374,0.0,0.0056042884990255
2020-07-30,39.92,0.63002795,1.0,0.6234968,-1.0,0.6987312,1.0,0.6057979,0.0,0.70483744,1.0,-0.03271141264841293
2020-07-31,40.27,0.63000727,-1.0,0.6227733,-1.0,0.69873595,1.0,0.6057979,0.0,0.70483744,0.0,0.008767535070140386
2020-08-01,40.225,0.62982637,-1.0,0.6219583,-1.0,0.6987409,1.0,0.6057979,0.0,0.7048375,1.0,-0.0011174571641421327
2020-08-02,40.18,0.6296102,-1.0,0.6214436,-1.0,0.698746,1.0,0.6057979,0.0,0.7048375,0.0,-0.0011187072715973523
2020-08-03,41.01,0.62939703,-1.0,0.6211691,-1.0,0.6987514,1.0,0.6057979,0.0,0.70483756,1.0,0.020657043305126965
2020-08-04,41.7,0.6292156,-1.0,0.6210587,-1.0,0.6987567,1.0,0.6057979,0.0,0.70483756,0.0,0.01682516459400163
2020-08-05,42.19,0.62917846,-1.0,0.6210461,-1.0,0.6987617,1.0,0.6057979,0.0,0.7048376,1.0,0.011750599520383487
2020-08-06,41.95,0.6293208,-1.0,0.6209314,-1.0,0.69876623,1.0,0.6057979,0.0,0.7048376,0.0,-0.005688551789523433
2020-08-07,41.22,0.6296124,1.0,0.6205896,-1.0,0.6987701,1.0,0.6057979,0.0,0.7048376,0.0,-0.01740166865315862
2020-08-08,41.41,0.62992007,1.0,0.6201789,-1.0,0.6987731,1.0,0.6057979,0.0,0.7048377,1.0,0.004609412906356081
2020-08-09,41.6,0.63009906,1.0,0.62006515,-1.0,0.6987752,1.0,0.6057979,0.0,0.7048377,0.0,0.0045882637044194485
2020-08-10,41.94,0.6301919,1.0,0.62014925,-1.0,0.6987762,1.0,0.6057979,0.0,0.7048377,0.0,0.008173076923076783
2020-08-11,41.61,0.63024676,1.0,0.6203432,1.0,0.6987763,1.0,0.6057979,0.0,0.7048377,0.0,-0.007868383404864066
2020-08-12,42.67,0.6303216,1.0,0.6205819,1.0,0.6987754,1.0,0.6057979,0.0,0.7048377,0.0,0.02547464551790446
2020-08-13,42.24,0.630364,1.0,0.62087685,1.0,0.69877374,-1.0,0.6057979,0.0,0.7048377,0.0,-0.010077337707991574
2020-08-14,42.01,0.63050926,1.0,0.6210177,1.0,0.69877136,-1.0,0.6057979,0.0,0.7048377,0.0,-0.005445075757575801
2020-08-15,42.14,0.6306495,1.0,0.6210444,1.0,0.6987683,-1.0,0.6057979,0.0,0.7048377,0.0,0.003094501309212072
2020-08-16,42.27,0.6307399,1.0,0.62094116,1.0,0.69876486,-1.0,0.6057979,0.0,0.7048377,0.0,0.003084954912197402
2020-08-17,42.89,0.63079786,1.0,0.6207254,-1.0,0.69876105,-1.0,0.6057979,0.0,0.7048377,0.0,0.0146676129642771
2020-08-18,42.89,0.630847,1.0,0.620419,-1.0,0.69875693,-1.0,0.6057979,0.0,0.7048377,0.0,0.0
2020-08-19,42.93,0.6309622,1.0,0.62004423,-1.0,0.6987527,-1.0,0.6057979,0.0,0.7048377,0.0,0.0009326183259501519
2020-08-20,42.58,0.6311067,1.0,0.6194342,-1.0,0.69874835,-1.0,0.6057979,0.0,0.7048377,0.0,-0.008152806894945241
2020-08-21,42.34,0.63125443,1.0,0.6191576,-1.0,0.69874394,-1.0,0.6057979,0.0,0.7048377,0.0,-0.005636449037106472
2020-08-22,42.40000000000001,0.63134,1.0,0.618965,-1.0,0.6987396,-1.0,0.6057979,0.0,0.7048377,0.0,0.0014170996693436688
2020-08-23,42.46,0.631346,1.0,0.61906755,-1.0,0.69873524,-1.0,0.6057979,0.0,0.7048377,0.0,0.0014150943396222804
2020-08-24,42.62,0.63131,1.0,0.61931974,1.0,0.698731,-1.0,0.6057979,0.0,0.7048377,0.0,0.0037682524729156786
2020-08-25,43.35,0.6312647,-1.0,0.61963284,1.0,0.6987269,-1.0,0.6057979,0.0,0.7048377,0.0,0.017128108869075565
2020-08-26,43.39,0.63124293,-1.0,0.6199512,1.0,0.69872296,-1.0,0.6057979,0.0,0.7048377,0.0,0.0009227220299885541
2020-08-27,43.04,0.63132787,-1.0,0.6200654,1.0,0.69871914,-1.0,0.6057979,0.0,0.7048377,0.0,-0.008066374740723692
2020-08-28,42.97,0.6314739,1.0,0.62001055,1.0,0.69871545,-1.0,0.6057979,0.0,0.7048377,0.0,-0.0016263940520445663
2020-08-29,43.0,0.6315938,1.0,0.6199343,-1.0,0.6987119,-1.0,0.6057979,0.0,0.7048377,0.0,0.0006981615080288162
2020-08-30,43.03,0.6316674,1.0,0.6194986,-1.0,0.69870836,-1.0,0.6057979,0.0,0.7048377,0.0,0.0006976744186046879
2020-08-31,42.61,0.6317049,1.0,0.6189239,-1.0,0.698705,-1.0,0.6057979,0.0,0.7048377,0.0,-0.009760632117127632
2020-09-01,42.76,0.6317221,1.0,0.61834186,-1.0,0.69870174,-1.0,0.6057979,0.0,0.7048377,0.0,0.0035203003989674464
2020-09-02,41.51,0.63167715,1.0,0.6178285,-1.0,0.6986986,-1.0,0.6057979,0.0,0.7048377,0.0,-0.029232927970065492
2020-09-03,41.37,0.6316184,-1.0,0.6175253,-1.0,0.6986955,-1.0,0.6057979,0.0,0.7048377,0.0,-0.003372681281618939
2020-09-04,39.77,0.6314106,-1.0,0.61754704,-1.0,0.69869256,-1.0,0.6057979,0.0,0.7048377,0.0,-0.038675368624607076
2020-09-05,39.0175,0.6311195,-1.0,0.61774385,1.0,0.6986898,-1.0,0.6057979,0.0,0.7048377,0.0,-0.01892129746039739
2020-09-06,38.265,0.6306225,-1.0,0.6180712,1.0,0.6986873,-1.0,0.6057979,0.0,0.7048377,0.0,-0.01928621772281658
2020-09-07,37.5125,0.6299716,-1.0,0.6184703,1.0,0.69868505,-1.0,0.6057979,0.0,0.7048377,0.0,-0.019665490657258533
2020-09-08,36.76,0.6292175,-1.0,0.61890495,1.0,0.698683,-1.0,0.6057979,0.0,0.7048377,0.0,-0.020059980006664535
2020-09-09,38.05,0.6284094,-1.0,0.6193532,1.0,0.69868124,-1.0,0.6057979,0.0,0.7048377,0.0,0.035092491838955464
2020-09-10,37.3,0.6275797,-1.0,0.6197977,1.0,0.6986797,-1.0,0.6057979,0.0,0.7048377,0.0,-0.019710906701708275
2020-09-11,37.33,0.6270031,-1.0,0.6201017,1.0,0.6986783,-1.0,0.6057979,0.0,0.7048377,0.0,0.0008042895442359477
2020-09-12,37.306666666666665,0.62656945,-1.0,0.62038016,1.0,0.6986771,-1.0,0.6057979,0.0,0.7048377,0.0,-0.0006250558085543201
2020-09-13,37.28333333333333,0.6262763,-1.0,0.6205134,1.0,0.69867617,-1.0,0.6057979,0.0,0.7048377,0.0,-0.0006254467476769499
2020-09-14,37.26,0.62608933,-1.0,0.62051934,1.0,0.69867533,-1.0,0.6057979,0.0,0.7048377,0.0,-0.0006258381761287124
2020-09-15,38.28,0.6259815,-1.0,0.62042165,1.0,0.6986747,-1.0,0.6057979,0.0,0.7048377,0.0,0.027375201288244888
2020-09-16,40.16,0.62592614,-1.0,0.6202496,-1.0,0.69867414,-1.0,0.6057979,0.0,0.7048377,0.0,0.04911180773249724
2020-09-17,40.97,0.62603414,-1.0,0.62009907,-1.0,0.6986737,-1.0,0.6057979,0.0,0.7048377,0.0,0.020169322709163495
2020-09-18,41.11,0.62646544,1.0,0.6200328,-1.0,0.69867337,-1.0,0.6057979,0.0,0.7048377,0.0,0.0034171344886502197
2020-09-19,40.51,0.62714076,1.0,0.6198566,-1.0,0.6986731,-1.0,0.6057979,0.0,0.7048377,0.0,-0.014594989053758223
2020-09-20,39.91,0.62788314,1.0,0.6197027,-1.0,0.69867295,-1.0,0.6057979,0.0,0.7048377,0.0,-0.014811157738829905
2020-09-21,39.31,0.62847817,1.0,0.6196906,-1.0,0.69867283,-1.0,0.6057979,0.0,0.7048377,0.0,-0.015033826108744486
2020-09-22,39.6,0.6288222,1.0,0.6198627,-1.0,0.6986728,-1.0,0.6057979,0.0,0.7048377,0.0,0.007377257695242889
2020-09-23,39.93,0.628896,1.0,0.6202075,1.0,0.6986728,-1.0,0.6057979,0.0,0.7048377,0.0,0.008333333333333304
2020-09-24,40.31,0.6288409,1.0,0.620742,1.0,0.6986728,0.0,0.6057979,0.0,0.7048377,0.0,0.009516654144753334
2020-09-25,40.31,0.6287713,-1.0,0.62152714,1.0,0.6986728,0.0,0.6057979,0.0,0.7048377,0.0,0.0
2020-09-26,40.31,0.62876254,-1.0,0.62224364,1.0,0.6986728,0.0,0.6057979,0.0,0.7048377,0.0,0.0
2020-09-27,40.31,0.62879753,-1.0,0.62281823,1.0,0.6986728,0.0,0.6057979,0.0,0.7048377,0.0,0.0
